Date,Open,High,Low,Close
01-Apr-03,,,,834.59
02-Apr-03,,,,851.31
03-Apr-03,,,,864.51
04-Apr-03,,,,885.24
07-Apr-03,,,,911.19
08-Apr-03,,,,910.65
09-Apr-03,,,,905.1
10-Apr-03,,,,881.01
11-Apr-03,,,,882.01
15-Apr-03,,,,885.51
16-Apr-03,,,,885.18
17-Apr-03,,,,880.4
21-Apr-03,,,,889.44
22-Apr-03,,,,891.33
23-Apr-03,,,,888.96
24-Apr-03,,,,886.71
25-Apr-03,,,,882.62
28-Apr-03,,,,890.33
29-Apr-03,,,,893.08
30-Apr-03,,,,893.27
02-May-03,,,,910.91
05-May-03,,,,933.9
06-May-03,,,,938.95
07-May-03,,,,936.14
08-May-03,,,,937.67
09-May-03,,,,943.76
12-May-03,,,,958.44
13-May-03,,,,974.69
14-May-03,,,,994.57
15-May-03,,,,1020.55
16-May-03,,,,1040.57
19-May-03,,,,1030.88
20-May-03,,,,1035.31
21-May-03,,,,1048.58
22-May-03,,,,1054.78
23-May-03,,,,1062.51
26-May-03,,,,1090.94
27-May-03,,,,1079.7
28-May-03,,,,1084.9
29-May-03,,,,1092.54
30-May-03,,,,1110.11
02-Jun-03,,,,1121.73
03-Jun-03,,,,1107.78
04-Jun-03,,,,1130.44
05-Jun-03,,,,1131.85
06-Jun-03,,,,1149.32
09-Jun-03,,,,1178.12
10-Jun-03,,,,1157.11
11-Jun-03,,,,1160
12-Jun-03,,,,1175.63
13-Jun-03,,,,1176.62
16-Jun-03,,,,1184.47
17-Jun-03,,,,1205.03
18-Jun-03,,,,1203.58
19-Jun-03,,,,1206.13
20-Jun-03,,,,1218.52
23-Jun-03,,,,1217.06
24-Jun-03,,,,1232.89
25-Jun-03,,,,1259.13
26-Jun-03,,,,1265.81
27-Jun-03,,,,1280.85
30-Jun-03,,,,1307.34
01-Jul-03,,,,1322.68
02-Jul-03,,,,1360.67
03-Jul-03,,,,1372.22
04-Jul-03,,,,1385.75
07-Jul-03,,,,1428.44
08-Jul-03,,,,1429.02
09-Jul-03,,,,1380.21
10-Jul-03,,,,1378.47
11-Jul-03,,,,1372.77
14-Jul-03,,,,1400
15-Jul-03,,,,1366.3
16-Jul-03,,,,1398.64
17-Jul-03,,,,1378.86
18-Jul-03,,,,1369.47
21-Jul-03,,,,1346.04
22-Jul-03,,,,1330.05
23-Jul-03,,,,1336.91
24-Jul-03,,,,1350.9
25-Jul-03,,,,1375.17
28-Jul-03,,,,1403
29-Jul-03,,,,1414.95
30-Jul-03,,,,1434.16
31-Jul-03,,,,1420.08
01-Aug-03,,,,1426.05
04-Aug-03,,,,1461.29
05-Aug-03,,,,1433.25
06-Aug-03,,,,1428.94
07-Aug-03,,,,1463.96
08-Aug-03,,,,1483.99
11-Aug-03,,,,1501.2
12-Aug-03,,,,1501.44
13-Aug-03,,,,1532.29
14-Aug-03,,,,1546.6
18-Aug-03,,,,1611.55
19-Aug-03,,,,1572.61
20-Aug-03,,,,1573.61
21-Aug-03,,,,1572.34
22-Aug-03,,,,1560.94
25-Aug-03,,,,1486.48
26-Aug-03,,,,1563.84
27-Aug-03,,,,1570.25
28-Aug-03,,,,1558.44
29-Aug-03,,,,1569.79
01-Sep-03,,,,1607.97
02-Sep-03,,,,1589.67
03-Sep-03,,,,1562.26
04-Sep-03,,,,1564.87
05-Sep-03,,,,1582.32
08-Sep-03,,,,1598
09-Sep-03,,,,1570.78
10-Sep-03,,,,1553.47
11-Sep-03,,,,1563.48
12-Sep-03,,,,1534.62
15-Sep-03,,,,1495.42
16-Sep-03,,,,1519.72
17-Sep-03,,,,1514.32
18-Sep-03,,,,1464.92
19-Sep-03,,,,1455.59
22-Sep-03,,,,1453.89
23-Sep-03,,,,1474.44
24-Sep-03,,,,1484.13
25-Sep-03,,,,1494.87
26-Sep-03,,,,1521.29
29-Sep-03,,,,1544.96
30-Sep-03,,,,1561.88
01-Oct-03,,,,1571.67
03-Oct-03,,,,1603.22
06-Oct-03,,,,1634.86
07-Oct-03,,,,1629.14
08-Oct-03,,,,1632.01
09-Oct-03,,,,1669.27
10-Oct-03,,,,1662.29
13-Oct-03,,,,1682.24
14-Oct-03,,,,1649.06
15-Oct-03,,,,1650.9
16-Oct-03,,,,1665.67
17-Oct-03,,,,1664.33
20-Oct-03,,,,1641.89
21-Oct-03,,,,1597.97
22-Oct-03,,,,1579.89
23-Oct-03,,,,1576.93
24-Oct-03,,,,1599.01
27-Oct-03,,,,1611.85
28-Oct-03,,,,1594.76
29-Oct-03,,,,1590.63
30-Oct-03,,,,1609.65
31-Oct-03,,,,1632.74
03-Nov-03,,,,1644.36
04-Nov-03,,,,1639.82
05-Nov-03,,,,1661.83
06-Nov-03,,,,1711.39
07-Nov-03,,,,1739.43
10-Nov-03,,,,1795.95
11-Nov-03,,,,1846.94
12-Nov-03,,,,1870.21
13-Nov-03,,,,1826.83
14-Nov-03,,,,1787.93
17-Nov-03,,,,1872.42
18-Nov-03,,,,1882.34
19-Nov-03,,,,1856.15
20-Nov-03,,,,1837.55
21-Nov-03,,,,1824.41
24-Nov-03,,,,1869.35
25-Nov-03,,,,1904.18
27-Nov-03,,,,1949.97
28-Nov-03,,,,1973.77
01-Dec-03,,,,2026.71
02-Dec-03,,,,2032.17
03-Dec-03,,,,2088.48
04-Dec-03,,,,2115.66
05-Dec-03,,,,2113.57
08-Dec-03,,,,2174.59
09-Dec-03,,,,2267.28
10-Dec-03,,,,2270.69
11-Dec-03,,,,2262.24
12-Dec-03,,,,2280.38
15-Dec-03,,,,2333.29
16-Dec-03,,,,2311.34
17-Dec-03,,,,2331.55
18-Dec-03,,,,2391.9
19-Dec-03,,,,2397.62
22-Dec-03,,,,2432.93
23-Dec-03,,,,2410.85
24-Dec-03,,,,2442.26
26-Dec-03,,,,2482.89
29-Dec-03,,,,2527.68
30-Dec-03,,,,2456.44
31-Dec-03,,,,2432.74
01-Jan-04,,,,2481.95
02-Jan-04,,,,2522.81
05-Jan-04,,,,2490.73
06-Jan-04,,,,2420.94
07-Jan-04,,,,2384.29
08-Jan-04,,,,2476.17
09-Jan-04,,,,2445.38
12-Jan-04,,,,2401.75
13-Jan-04,,,,2408.23
14-Jan-04,,,,2442.13
15-Jan-04,,,,2412.59
16-Jan-04,,,,2339.77
19-Jan-04,,,,2325.04
20-Jan-04,,,,2276.54
21-Jan-04,,,,2101.96
22-Jan-04,,,,2025.42
23-Jan-04,,,,2145.73
27-Jan-04,,,,2209.11
28-Jan-04,,,,2161.92
29-Jan-04,,,,2142.11
30-Jan-04,,,,2068.03
03-Feb-04,,,,1956.6
04-Feb-04,,,,1980.08
05-Feb-04,,,,1978.56
06-Feb-04,,,,1966.2
09-Feb-04,,,,2010.6
10-Feb-04,,,,2014.49
11-Feb-04,,,,2013.34
12-Feb-04,,,,2019.6
13-Feb-04,,,,2071.5
16-Feb-04,,,,2108.24
17-Feb-04,,,,2095.01
18-Feb-04,,,,2092.99
19-Feb-04,,,,2026.41
20-Feb-04,,,,2022.08
23-Feb-04,,,,1976.69
24-Feb-04,,,,1972.27
25-Feb-04,,,,1943.9
26-Feb-04,,,,1937.3
27-Feb-04,,,,1931.23
01-Mar-04,,,,1957.65
03-Mar-04,,,,1965.43
04-Mar-04,,,,1949.57
05-Mar-04,,,,1954.92
08-Mar-04,,,,1964.65
09-Mar-04,,,,1939.59
10-Mar-04,,,,1924.58
11-Mar-04,,,,1901.15
12-Mar-04,,,,1889.49
15-Mar-04,,,,1833.37
16-Mar-04,,,,1794.9
17-Mar-04,,,,1802.03
18-Mar-04,,,,1776.86
19-Mar-04,,,,1764.32
22-Mar-04,,,,1704.24
23-Mar-04,,,,1674.76
24-Mar-04,,,,1675.19
25-Mar-04,,,,1714.27
26-Mar-04,,,,1754.78
29-Mar-04,,,,1788.2
30-Mar-04,,,,1825.9
31-Mar-04,,,,1844.83
01-Apr-04,,,,1915.9
02-Apr-04,,,,1935
05-Apr-04,,,,1968.13
06-Apr-04,,,,1938.32
07-Apr-04,,,,1936.09
08-Apr-04,,,,1960.9
12-Apr-04,,,,1981.21
13-Apr-04,,,,2000.5
15-Apr-04,,,,2019.38
16-Apr-04,,,,2047.19
19-Apr-04,,,,2067.64
20-Apr-04,,,,2067.26
21-Apr-04,,,,2107.34
22-Apr-04,,,,2137.6
23-Apr-04,,,,2135.66
27-Apr-04,,,,2026.32
28-Apr-04,,,,2037.63
29-Apr-04,,,,2052.12
30-Apr-04,,,,2073.25
03-May-04,,,,2013.02
04-May-04,,,,2078.76
05-May-04,,,,2094.92
06-May-04,,,,2143.43
07-May-04,,,,2126.01
10-May-04,,,,2104.43
11-May-04,,,,2011.36
12-May-04,,,,2020.04
13-May-04,,,,2042.53
14-May-04,,,,1885.05
17-May-04,,,,1695.69
18-May-04,,,,1794.65
19-May-04,,,,1868.89
20-May-04,,,,1876.46
21-May-04,,,,1868.44
24-May-04,,,,1932.97
25-May-04,,,,1927.79
26-May-04,,,,1933.2
27-May-04,,,,1915.69
28-May-04,,,,1829.41
31-May-04,,,,1770.2
01-Jun-04,,,,1788.27
02-Jun-04,,,,1796.34
03-Jun-04,,,,1764.12
04-Jun-04,,,,1760.3
07-Jun-04,,,,1781.52
08-Jun-04,,,,1778.32
09-Jun-04,,,,1791.91
10-Jun-04,,,,1805.51
11-Jun-04,,,,1785.46
14-Jun-04,,,,1739.06
15-Jun-04,,,,1750.01
16-Jun-04,,,,1740.83
17-Jun-04,,,,1742.19
18-Jun-04,,,,1737.65
21-Jun-04,,,,1717.99
22-Jun-04,,,,1697.25
23-Jun-04,,,,1658.33
24-Jun-04,,,,1655.79
25-Jun-04,,,,1699.06
28-Jun-04,,,,1751.8
29-Jun-04,,,,1768.81
30-Jun-04,,,,1775.71
01-Jul-04,,,,1793.88
02-Jul-04,,,,1799.06
05-Jul-04,,,,1790.39
06-Jul-04,,,,1802.22
07-Jul-04,,,,1814.47
08-Jul-04,,,,1748.21
09-Jul-04,,,,1789.52
12-Jul-04,,,,1807.4
13-Jul-04,,,,1800.69
14-Jul-04,,,,1807.41
15-Jul-04,,,,1858.04
16-Jul-04,,,,1909.39
19-Jul-04,,,,1953.75
20-Jul-04,,,,1941.17
21-Jul-04,,,,1952.22
22-Jul-04,,,,1974.64
23-Jul-04,,,,1998.27
26-Jul-04,,,,2002.96
27-Jul-04,,,,1959.6
28-Jul-04,,,,1948.7
29-Jul-04,,,,1976.62
30-Jul-04,,,,1984.18
02-Aug-04,,,,1988.3
03-Aug-04,,,,1990.19
04-Aug-04,,,,1999.19
05-Aug-04,,,,2049.69
06-Aug-04,,,,2042.35
09-Aug-04,,,,2061.44
10-Aug-04,,,,2079.46
11-Aug-04,,,,2021
12-Aug-04,,,,1996.9
13-Aug-04,,,,2022.33
16-Aug-04,,,,2028.61
17-Aug-04,,,,2055.57
18-Aug-04,,,,2050.6
19-Aug-04,,,,2075.16
20-Aug-04,,,,2064.28
23-Aug-04,,,,2045.29
24-Aug-04,,,,2064.28
25-Aug-04,,,,2068.94
26-Aug-04,,,,2109.24
27-Aug-04,,,,2137.23
30-Aug-04,,,,2210.17
31-Aug-04,,,,2238.69
01-Sep-04,,,,2274.93
02-Sep-04,,,,2249.49
03-Sep-04,,,,2269.92
06-Sep-04,,,,2309.8
07-Sep-04,,,,2334
08-Sep-04,,,,2358.1
09-Sep-04,,,,2322.29
10-Sep-04,,,,2341.87
13-Sep-04,,,,2351.95
14-Sep-04,,,,2338.22
15-Sep-04,,,,2327.77
16-Sep-04,,,,2370.81
17-Sep-04,,,,2376.63
20-Sep-04,,,,2370.29
21-Sep-04,,,,2385.6
22-Sep-04,,,,2392.66
23-Sep-04,,,,2380.96
24-Sep-04,,,,2416.4
27-Sep-04,,,,2438.26
28-Sep-04,,,,2429.46
29-Sep-04,,,,2448.81
30-Sep-04,,,,2473.62
01-Oct-04,,,,2486.83
04-Oct-04,,,,2501.84
05-Oct-04,,,,2521.53
06-Oct-04,,,,2528.18
07-Oct-04,,,,2562.33
08-Oct-04,,,,2589.57
11-Oct-04,,,,2614.49
12-Oct-04,,,,2540.9
14-Oct-04,,,,2538.41
15-Oct-04,,,,2521.13
18-Oct-04,,,,2516.19
19-Oct-04,,,,2538.42
20-Oct-04,,,,2532.32
21-Oct-04,,,,2534.05
25-Oct-04,,,,2468.02
26-Oct-04,,,,2499.47
27-Oct-04,,,,2537.91
28-Oct-04,,,,2571.76
29-Oct-04,,,,2568.79
01-Nov-04,,,,2602.64
02-Nov-04,,,,2646.79
03-Nov-04,,,,2689.69
04-Nov-04,,,,2695.87
05-Nov-04,,,,2715.21
08-Nov-04,,,,2735.17
09-Nov-04,,,,2723.54
10-Nov-04,,,,2785.08
11-Nov-04,,,,2799.39
12-Nov-04,,,,2838.87
16-Nov-04,,,,2850.69
17-Nov-04,,,,2904.85
18-Nov-04,,,,2945.04
19-Nov-04,,,,2905.74
22-Nov-04,,,,2973.05
23-Nov-04,,,,3020.49
24-Nov-04,,,,3056.89
25-Nov-04,,,,3048.51
29-Nov-04,,,,3084.29
30-Nov-04,,,,3008.12
01-Dec-04,,,,3002.67
02-Dec-04,,,,3013.13
03-Dec-04,,,,3002.56
06-Dec-04,,,,3036.19
07-Dec-04,,,,3056.74
08-Dec-04,,,,3061.56
09-Dec-04,,,,3101.98
10-Dec-04,,,,3124.61
13-Dec-04,,,,3194.27
14-Dec-04,,,,3243.09
15-Dec-04,,,,3222.79
16-Dec-04,,,,3229.54
17-Dec-04,,,,3217.16
20-Dec-04,,,,3259.83
21-Dec-04,,,,3300.98
22-Dec-04,,,,3265.82
23-Dec-04,,,,3317.85
24-Dec-04,,,,3345.99
27-Dec-04,,,,3365.03
28-Dec-04,,,,3419.98
29-Dec-04,,,,3382.18
30-Dec-04,,,,3361.83
31-Dec-04,,,,3431.83
03-Jan-05,,,,3505.83
04-Jan-05,,,,3523.34
05-Jan-05,,,,3382.75
06-Jan-05,,,,3322.46
07-Jan-05,,,,3390.27
10-Jan-05,,,,3429.33
11-Jan-05,,,,3337.66
12-Jan-05,,,,3177.32
13-Jan-05,,,,3295.3
14-Jan-05,,,,3274.76
17-Jan-05,,,,3230.59
18-Jan-05,,,,3272.94
19-Jan-05,,,,3262.3
20-Jan-05,,,,3219.11
24-Jan-05,,,,3205.34
25-Jan-05,,,,3241.65
27-Jan-05,,,,3316.81
28-Jan-05,,,,3369.86
31-Jan-05,,,,3422.55
01-Feb-05,,,,3451.72
02-Feb-05,,,,3490.59
03-Feb-05,,,,3569.64
04-Feb-05,,,,3598.33
07-Feb-05,,,,3624.95
08-Feb-05,,,,3660.86
09-Feb-05,,,,3742.14
10-Feb-05,,,,3761.6
11-Feb-05,,,,3772.76
14-Feb-05,,,,3751.95
15-Feb-05,,,,3702.59
16-Feb-05,,,,3680.52
17-Feb-05,,,,3671.3
18-Feb-05,,,,3710.33
21-Feb-05,,,,3680.87
22-Feb-05,,,,3687.02
23-Feb-05,,,,3711.67
24-Feb-05,,,,3713.76
25-Feb-05,,,,3676.09
28-Feb-05,,,,3729.09
01-Mar-05,,,,3716.26
02-Mar-05,,,,3788.69
03-Mar-05,,,,3871.84
04-Mar-05,,,,3898.22
07-Mar-05,,,,3930.57
08-Mar-05,,,,3973.48
09-Mar-05,,,,3892.67
10-Mar-05,,,,3935.99
11-Mar-05,,,,3943.07
14-Mar-05,,,,3911.06
15-Mar-05,,,,3914.39
16-Mar-05,,,,3961.77
17-Mar-05,,,,3895.77
18-Mar-05,,,,3867.31
21-Mar-05,,,,3860.72
22-Mar-05,,,,3753.35
23-Mar-05,,,,3664.53
24-Mar-05,,,,3601.98
28-Mar-05,,,,3644.02
29-Mar-05,,,,3518.82
30-Mar-05,,,,3604.76
31-Mar-05,,,,3726.7
01-Apr-05,,,,3849.95
04-Apr-05,,,,3887.95
05-Apr-05,,,,3872.55
06-Apr-05,,,,3936.29
07-Apr-05,,,,3953.3
08-Apr-05,,,,3922.65
11-Apr-05,,,,3889.65
12-Apr-05,,,,3924.9
13-Apr-05,,,,3913.75
15-Apr-05,,,,3805.91
18-Apr-05,,,,3784.31
19-Apr-05,,,,3749.85
20-Apr-05,,,,3772.36
21-Apr-05,,,,3850.41
22-Apr-05,,,,3912.8
25-Apr-05,,,,3939.24
26-Apr-05,,,,3954.54
27-Apr-05,,,,3930.24
28-Apr-05,,,,3917.9
29-Apr-05,,,,3839.25
02-May-05,,,,3796.46
03-May-05,,,,3809
04-May-05,,,,3891.29
05-May-05,,,,3943.59
06-May-05,,,,3958.14
09-May-05,,,,4029.89
10-May-05,,,,4055.49
11-May-05,,,,4088.36
12-May-05,,,,4155.44
13-May-05,,,,4225.39
16-May-05,,,,4296.93
17-May-05,,,,4214.65
18-May-05,,,,4230.2
19-May-05,,,,4291.26
20-May-05,,,,4292.59
23-May-05,,,,4351.23
24-May-05,,,,4349.57
25-May-05,,,,4366.18
26-May-05,,,,4344.15
27-May-05,,,,4296.91
30-May-05,,,,4245.67
31-May-05,,,,4300.84
01-Jun-05,,,,4343.2
02-Jun-05,,,,4317.68
03-Jun-05,,,,4382.2
04-Jun-05,,,,4428.97
06-Jun-05,,,,4450.64
07-Jun-05,,,,4471.37
08-Jun-05,,,,4477.12
09-Jun-05,,,,4487.55
10-Jun-05,,,,4472.38
13-Jun-05,,,,4503.92
14-Jun-05,,,,4529.86
15-Jun-05,,,,4567.42
16-Jun-05,,,,4479.9
17-Jun-05,,,,4377.45
20-Jun-05,,,,4320.83
21-Jun-05,,,,4348.24
22-Jun-05,,,,4346.85
23-Jun-05,,,,4376.24
24-Jun-05,,,,4438.39
27-Jun-05,,,,4418.95
28-Jun-05,,,,4333.86
29-Jun-05,,,,4375.99
30-Jun-05,,,,4396.21
01-Jul-05,,,,4460.28
04-Jul-05,,,,4526.17
05-Jul-05,,,,4487.97
06-Jul-05,,,,4565.87
07-Jul-05,,,,4519.37
08-Jul-05,,,,4601.5
11-Jul-05,,,,4683.55
12-Jul-05,,,,4697.83
13-Jul-05,,,,4728.5
14-Jul-05,,,,4752.44
15-Jul-05,,,,4823.25
18-Jul-05,,,,4925.18
19-Jul-05,,,,4954.35
20-Jul-05,,,,4989.28
21-Jul-05,,,,4964.9
22-Jul-05,,,,5031.87
25-Jul-05,,,,5048.87
26-Jul-05,,,,4989.54
27-Jul-05,,,,4986.64
29-Jul-05,,,,4919.51
01-Aug-05,,,,4924.05
02-Aug-05,,,,5018.3
03-Aug-05,,,,4997.06
04-Aug-05,,,,5070.47
05-Aug-05,,,,5131.41
08-Aug-05,,,,5110.66
09-Aug-05,,,,5130.92
10-Aug-05,,,,5283.8
11-Aug-05,,,,5371.44
12-Aug-05,,,,5406.42
16-Aug-05,,,,5524.12
17-Aug-05,,,,5622.91
18-Aug-05,,,,5567.04
19-Aug-05,,,,5653.69
22-Aug-05,,,,5690.1
23-Aug-05,,,,5508.46
24-Aug-05,,,,5433.36
25-Aug-05,,,,5594.39
26-Aug-05,,,,5678.65
29-Aug-05,,,,5756.2
30-Aug-05,,,,5830.69
31-Aug-05,,,,5925.14
01-Sep-05,,,,5989.98
02-Sep-05,,,,5994.53
05-Sep-05,,,,6038.69
06-Sep-05,,,,6043.69
08-Sep-05,,,,6095.82
09-Sep-05,,,,6038.19
12-Sep-05,,,,6113.54
13-Sep-05,,,,6155.65
14-Sep-05,,,,6123.55
15-Sep-05,,,,6253.26
16-Sep-05,,,,6311.49
19-Sep-05,,,,6363.62
20-Sep-05,,,,6273.17
21-Sep-05,,,,6039.57
22-Sep-05,,,,5579.25
23-Sep-05,,,,5605.46
26-Sep-05,,,,5870.69
27-Sep-05,,,,5910.34
28-Sep-05,,,,5917.36
29-Sep-05,,,,5806.31
30-Sep-05,,,,5697.69
03-Oct-05,,,,5824.59
04-Oct-05,,,,5912.2
05-Oct-05,,,,5856.06
06-Oct-05,,,,5766.35
07-Oct-05,,,,5736.03
10-Oct-05,,,,5680.84
11-Oct-05,,,,5626.34
13-Oct-05,,,,5579.18
14-Oct-05,,,,5419.27
17-Oct-05,,,,5352.47
18-Oct-05,,,,5336.46
19-Oct-05,,,,5127.67
20-Oct-05,,,,4990.41
21-Oct-05,,,,5053.82
24-Oct-05,,,,5079.88
25-Oct-05,,,,5087.17
26-Oct-05,,,,5087.22
27-Oct-05,,,,5005.18
28-Oct-05,,,,4878.37
31-Oct-05,,,,4952.5
01-Nov-05,,,,5072.21
02-Nov-05,,,,5076.8
07-Nov-05,,,,5197.12
08-Nov-05,,,,5275.14
09-Nov-05,,,,5256.13
10-Nov-05,,,,5289.08
11-Nov-05,,,,5376.22
14-Nov-05,,,,5389.09
16-Nov-05,,,,5453.18
17-Nov-05,,,,5467.96
18-Nov-05,,,,5482.17
21-Nov-05,,,,5430.31
22-Nov-05,,,,5408.58
23-Nov-05,,,,5455.93
24-Nov-05,,,,5514.34
25-Nov-05,,,,5555.21
26-Nov-05,,,,5594.15
28-Nov-05,,,,5646.67
29-Nov-05,,,,5599.72
30-Nov-05,,,,5567.17
01-Dec-05,,,,5614.35
02-Dec-05,,,,5625.22
05-Dec-05,,,,5640.19
06-Dec-05,,,,5647.23
07-Dec-05,,,,5691.25
08-Dec-05,,,,5742.63
09-Dec-05,,,,5825.87
12-Dec-05,,,,5848.27
13-Dec-05,,,,5853.13
14-Dec-05,,,,5823.92
15-Dec-05,,,,5785.19
16-Dec-05,,,,5814.23
19-Dec-05,,,,5863.09
20-Dec-05,,,,5828.31
21-Dec-05,,,,5851.99
22-Dec-05,,,,5867.63
23-Dec-05,,,,5817.7
26-Dec-05,,,,5668.02
27-Dec-05,,,,5778.16
28-Dec-05,,,,5785.73
29-Dec-05,,,,5861.53
30-Dec-05,,,,5943.11
02-Jan-06,,,,6027.56
03-Jan-06,,,,6144.43
04-Jan-06,,,,6170.56
05-Jan-06,,,,6148.37
06-Jan-06,,,,6167.97
09-Jan-06,,,,6206.29
10-Jan-06,,,,6172.12
12-Jan-06,,,,6207.46
13-Jan-06,,,,6257.65
16-Jan-06,,,,6218.92
17-Jan-06,,,,6143.77
18-Jan-06,,,,6076.03
19-Jan-06,,,,6255.45
20-Jan-06,,,,6313.39
23-Jan-06,,,,6375
24-Jan-06,,,,6422.74
25-Jan-06,,,,6372.79
27-Jan-06,,,,6380.26
30-Jan-06,,,,6263.75
31-Jan-06,,,,6225.35
01-Feb-06,,,,6082.9
02-Feb-06,,,,6041.27
03-Feb-06,,,,6053.67
06-Feb-06,,,,6125.06
07-Feb-06,,,,6130.29
08-Feb-06,,,,6139.7
10-Feb-06,,,,6222.35
13-Feb-06,,,,6295.38
14-Feb-06,,,,6283.28
15-Feb-06,,,,6296.33
16-Feb-06,,,,6336.11
17-Feb-06,,,,6196.28
20-Feb-06,,,,6146.01
21-Feb-06,,,,6195.23
22-Feb-06,,,,6147.42
23-Feb-06,,,,6114.01
24-Feb-06,,,,6102
27-Feb-06,,,,6131.1
28-Feb-06,,,,6144.48
01-Mar-06,,,,6222.63
02-Mar-06,,,,6229.98
03-Mar-06,,,,6244.06
06-Mar-06,,,,6320.94
07-Mar-06,,,,6359.41
08-Mar-06,,,,6292.47
09-Mar-06,,,,6306.35
10-Mar-06,,,,6371.8
13-Mar-06,,,,6370.23
14-Mar-06,,,,6318.9
16-Mar-06,,,,6317
17-Mar-06,,,,6249.07
20-Mar-06,,,,6263.42
21-Mar-06,,,,6238.73
22-Mar-06,,,,6181.7
23-Mar-06,,,,6216.54
24-Mar-06,,,,6253.98
27-Mar-06,,,,6335.43
28-Mar-06,,,,6286.29
29-Mar-06,,,,6415.4
30-Mar-06,,,,6515.85
31-Mar-06,,,,6591.66
03-Apr-06,,,,6804.6
04-Apr-06,,,,6830.11
05-Apr-06,,,,6941.28
07-Apr-06,,,,6873.8
10-Apr-06,,,,6970.65
12-Apr-06,,,,6901.76
13-Apr-06,,,,6738.59
17-Apr-06,,,,6844.64
18-Apr-06,,,,6921.33
19-Apr-06,,,,6941.74
20-Apr-06,,,,6998.11
21-Apr-06,,,,6998.51
24-Apr-06,,,,7089.56
25-Apr-06,,,,7065.44
26-Apr-06,,,,7194.26
27-Apr-06,,,,7254.8
28-Apr-06,,,,7206.31
29-Apr-06,,,,7397.48
02-May-06,,,,7474.74
03-May-06,,,,7517.75
04-May-06,,,,7516.56
05-May-06,,,,7529.67
08-May-06,,,,7613.7
09-May-06,,,,7699.15
10-May-06,,,,7812.84
11-May-06,,,,7728.82
12-May-06,,,,7700.63
15-May-06,,,,7469.46
16-May-06,,,,7335.92
17-May-06,,,,7617.2
18-May-06,,,,7126.85
19-May-06,,,,6803.29
22-May-06,,,,6336.03
23-May-06,,,,6480.23
24-May-06,,,,6455.72
25-May-06,,,,6392.01
26-May-06,,,,6558.05
29-May-06,,,,6616.75
30-May-06,,,,6633.59
31-May-06,,,,6364.29
01-Jun-06,,,,6142.37
02-Jun-06,,,,5986.36
05-Jun-06,,,,5873.41
06-Jun-06,,,,5645.57
07-Jun-06,,,,5256.17
08-Jun-06,,,,4833.26
09-Jun-06,,,,5054.29
12-Jun-06,,,,4969.29
13-Jun-06,,,,4668.1
14-Jun-06,,,,4502.63
15-Jun-06,,,,4678.57
16-Jun-06,,,,4891.01
19-Jun-06,,,,5009.47
20-Jun-06,,,,5113.66
21-Jun-06,,,,5323.89
22-Jun-06,,,,5492.77
23-Jun-06,,,,5533.51
25-Jun-06,,,,5613.43
26-Jun-06,,,,5346.26
27-Jun-06,,,,5244.99
28-Jun-06,,,,5195.95
29-Jun-06,,,,5210.8
30-Jun-06,,,,5357.04
03-Jul-06,,,,5362.53
04-Jul-06,,,,5325.81
05-Jul-06,,,,5349.32
06-Jul-06,,,,5332.35
07-Jul-06,,,,5239.49
10-Jul-06,,,,5235.03
11-Jul-06,,,,5258.66
12-Jul-06,,,,5283.15
13-Jul-06,,,,5322.33
14-Jul-06,,,,5291.1
17-Jul-06,,,,5175.91
18-Jul-06,,,,5059.07
19-Jul-06,,,,4882.02
20-Jul-06,,,,4943.81
21-Jul-06,,,,4814.72
24-Jul-06,,,,4758.26
25-Jul-06,,,,4854.16
26-Jul-06,,,,4968.19
27-Jul-06,,,,5029.36
28-Jul-06,,,,5065.17
31-Jul-06,,,,5131.48
01-Aug-06,,,,5113.09
02-Aug-06,,,,5177.91
03-Aug-06,,,,5238.55
04-Aug-06,,,,5216.87
07-Aug-06,,,,5216.29
08-Aug-06,,,,5299.21
09-Aug-06,,,,5387.2
10-Aug-06,,,,5487.18
11-Aug-06,,,,5596.61
14-Aug-06,,,,5701.06
16-Aug-06,,,,5801.02
17-Aug-06,,,,5727.42
18-Aug-06,,,,5766.64
21-Aug-06,,,,5818.3
22-Aug-06,,,,5826.39
23-Aug-06,,,,5748.18
24-Aug-06,,,,5783.8
25-Aug-06,,,,5832.61
28-Aug-06,,,,5868.32
29-Aug-06,,,,5870.44
30-Aug-06,,,,5849.6
31-Aug-06,,,,5778.99
01-Sep-06,,,,5814.26
04-Sep-06,,,,5888
05-Sep-06,,,,5906.81
06-Sep-06,,,,5952.5
07-Sep-06,,,,5951.79
08-Sep-06,,,,6031.23
11-Sep-06,,,,5841.47
12-Sep-06,,,,5870.49
13-Sep-06,,,,5975.39
14-Sep-06,,,,5988.59
15-Sep-06,,,,5985.63
18-Sep-06,,,,6032.54
19-Sep-06,,,,5971.59
20-Sep-06,,,,5999.56
21-Sep-06,,,,6036.17
22-Sep-06,,,,6016.1
25-Sep-06,,,,6013.86
26-Sep-06,,,,6020.51
27-Sep-06,,,,6037.39
28-Sep-06,,,,6090.8
29-Sep-06,,,,6161.73
03-Oct-06,,,,6194.92
04-Oct-06,,,,6155.01
05-Oct-06,,,,6261.89
06-Oct-06,,,,6328.97
09-Oct-06,,,,6403.88
10-Oct-06,,,,6416.02
11-Oct-06,,,,6329.64
12-Oct-06,,,,6398.06
13-Oct-06,,,,6416.89
16-Oct-06,,,,6398.01
17-Oct-06,,,,6354.8
18-Oct-06,,,,6377.3
19-Oct-06,,,,6365.55
20-Oct-06,,,,6386.04
21-Oct-06,,,,6485.09
23-Oct-06,,,,6463.95
26-Oct-06,,,,6514.7
27-Oct-06,,,,6520.38
30-Oct-06,,,,6483.8
31-Oct-06,,,,6392.59
01-Nov-06,,,,6443.28
02-Nov-06,,,,6467.8
03-Nov-06,,,,6472.95
06-Nov-06,,,,6534.39
07-Nov-06,,,,6535.83
08-Nov-06,,,,6455.58
09-Nov-06,,,,6498.29
10-Nov-06,,,,6504.6
13-Nov-06,,,,6582.96
14-Nov-06,,,,6523.28
15-Nov-06,,,,6501.62
16-Nov-06,,,,6484.18
17-Nov-06,,,,6359.47
20-Nov-06,,,,6298.49
21-Nov-06,,,,6416.61
22-Nov-06,,,,6463.78
23-Nov-06,,,,6480.16
24-Nov-06,,,,6523.03
27-Nov-06,,,,6576.38
28-Nov-06,,,,6531.39
29-Nov-06,,,,6635.01
30-Nov-06,,,,6647.08
01-Dec-06,,,,6718.74
04-Dec-06,,,,6776.84
05-Dec-06,,,,6799.99
06-Dec-06,,,,6739.73
07-Dec-06,,,,6767.45
08-Dec-06,,,,6730.42
11-Dec-06,,,,6548.31
12-Dec-06,,,,6278.75
13-Dec-06,,,,6393.74
14-Dec-06,,,,6594.52
15-Dec-06,,,,6667.91
18-Dec-06,,,,6706.62
19-Dec-06,,,,6634.8
20-Dec-06,,,,6620.86
21-Dec-06,,,,6665.44
22-Dec-06,,,,6721.39
26-Dec-06,,,,6805.56
27-Dec-06,,,,6839.36
28-Dec-06,,,,6836.41
29-Dec-06,,,,6892.32
02-Jan-07,,,,7004.1
03-Jan-07,,,,7080.46
04-Jan-07,,,,7150.13
05-Jan-07,,,,7191.55
08-Jan-07,,,,7250.64
09-Jan-07,,,,7211.89
10-Jan-07,,,,7146.27
11-Jan-07,,,,7278.33
12-Jan-07,,,,7371.7
15-Jan-07,,,,7486.71
16-Jan-07,,,,7505.44
17-Jan-07,,,,7577.93
18-Jan-07,,,,7598.45
19-Jan-07,,,,7560.2
22-Jan-07,,,,7565.1
23-Jan-07,,,,7501.28
24-Jan-07,,,,7543.89
25-Jan-07,,,,7576.13
29-Jan-07,,,,7576.51
31-Jan-07,,,,7503.5
01-Feb-07,,,,7532.52
02-Feb-07,,,,7560.72
05-Feb-07,,,,7655.65
06-Feb-07,,,,7662.75
07-Feb-07,,,,7697.81
08-Feb-07,,,,7651.07
09-Feb-07,,,,7490.1
12-Feb-07,,,,7127.26
13-Feb-07,,,,7088.15
14-Feb-07,,,,7067.82
15-Feb-07,,,,7290.26
19-Feb-07,,,,7316.93
20-Feb-07,,,,7214.73
21-Feb-07,,,,7224.39
22-Feb-07,,,,7173.41
23-Feb-07,,,,6904.43
26-Feb-07,,,,6894.45
27-Feb-07,,,,6918.29
28-Feb-07,,,,6705.91
01-Mar-07,,,,6712.86
02-Mar-07,,,,6645.81
05-Mar-07,,,,6270.75
06-Mar-07,,,,6259.52
07-Mar-07,,,,6088.31
08-Mar-07,,,,6245.81
09-Mar-07,,,,6251.05
12-Mar-07,,,,6317.65
13-Mar-07,,,,6434.87
14-Mar-07,,,,6324.22
15-Mar-07,,,,6368.18
16-Mar-07,,,,6274.64
19-Mar-07,,,,6335.07
20-Mar-07,,,,6355.22
21-Mar-07,,,,6369.64
22-Mar-07,,,,6457.56
23-Mar-07,,,,6456.61
26-Mar-07,,,,6425.74
28-Mar-07,,,,6312.45
29-Mar-07,,,,6377.79
30-Mar-07,,,,6470.51
02-Apr-07,,,,6294.06
03-Apr-07,,,,6313.64
04-Apr-07,,,,6386.48
05-Apr-07,,,,6456.37
09-Apr-07,,,,6585.37
10-Apr-07,,,,6656.74
11-Apr-07,,,,6711.51
12-Apr-07,,,,6682.53
13-Apr-07,,,,6756.46
16-Apr-07,,,,6884.13
17-Apr-07,,,,6862.53
18-Apr-07,,,,6908.5
19-Apr-07,,,,6905.29
20-Apr-07,,,,6974.37
23-Apr-07,,,,6970.92
24-Apr-07,,,,7003.63
25-Apr-07,,,,7075.01
26-Apr-07,,,,7017.32
27-Apr-07,,,,6941.48
30-Apr-07,,,,6993.84
03-May-07,,,,7054.2
04-May-07,,,,7031.57
07-May-07,,,,7020.11
08-May-07,,,,6939.25
09-May-07,,,,6918.6
10-May-07,,,,6951.49
11-May-07,,,,6984.4
14-May-07,,,,7079.83
15-May-07,,,,7102.88
16-May-07,,,,7205.96
17-May-07,,,,7212.56
18-May-07,,,,7220.3
21-May-07,,,,7294.15
22-May-07,,,,7286.77
23-May-07,,,,7237.55
24-May-07,,,,7201.75
25-May-07,,,,7265.92
28-May-07,,,,7334.64
29-May-07,,,,7388.33
30-May-07,,,,7349.56
31-May-07,,,,7413.03
01-Jun-07,,,,7473.87
04-Jun-07,,,,7466.77
05-Jun-07,,,,7486.67
06-Jun-07,,,,7389.76
07-Jun-07,,,,7391.02
08-Jun-07,,,,7342.59
11-Jun-07,,,,7320.01
12-Jun-07,,,,7228.88
13-Jun-07,,,,7224.27
14-Jun-07,,,,7320.91
15-Jun-07,,,,7350.25
18-Jun-07,,,,7316.68
19-Jun-07,,,,7357.75
20-Jun-07,,,,7420.44
21-Jun-07,,,,7496.48
22-Jun-07,,,,7513.12
25-Jun-07,,,,7564.21
26-Jun-07,,,,7604.72
27-Jun-07,,,,7613.84
28-Jun-07,,,,7662.1
29-Jun-07,,,,7730.4
02-Jul-07,,,,7783.26
03-Jul-07,,,,7846.13
04-Jul-07,,,,7855.66
05-Jul-07,,,,7796.02
06-Jul-07,,,,7904.11
09-Jul-07,,,,8019.99
10-Jul-07,,,,8009.66
11-Jul-07,,,,8074.86
12-Jul-07,,,,8215.56
13-Jul-07,,,,8216.14
16-Jul-07,,,,8280.58
17-Jul-07,,,,8207.77
18-Jul-07,,,,8184.11
19-Jul-07,,,,8258.52
20-Jul-07,,,,8188.12
23-Jul-07,,,,8234.45
24-Jul-07,,,,8153.63
25-Jul-07,,,,8056.36
26-Jul-07,,,,8145.86
27-Jul-07,,,,7926.45
30-Jul-07,,,,7941.75
31-Jul-07,,,,8070.63
01-Aug-07,,,,7775.9
02-Aug-07,,,,7805.46
03-Aug-07,,,,7891.54
06-Aug-07,,,,7842.59
07-Aug-07,,,,7914.37
08-Aug-07,,,,8051.22
09-Aug-07,,,,7964.12
10-Aug-07,,,,7904.13
13-Aug-07,,,,8028.28
14-Aug-07,,,,8034.56
16-Aug-07,,,,7797.26
17-Aug-07,,,,7694.8
20-Aug-07,,,,7832.36
21-Aug-07,,,,7538.45
22-Aug-07,,,,7518.7
23-Aug-07,,,,7424.39
24-Aug-07,,,,7522.25
27-Aug-07,,,,7725.52
28-Aug-07,,,,7808.44
29-Aug-07,,,,7874.22
30-Aug-07,,,,7957.96
31-Aug-07,,,,8060.52
03-Sep-07,,,,8194.45
04-Sep-07,,,,8270.95
05-Sep-07,,,,8289.81
06-Sep-07,,,,8395.58
07-Sep-07,,,,8433.52
10-Sep-07,,,,8514.37
11-Sep-07,,,,8529.09
12-Sep-07,,,,8572.35
13-Sep-07,,,,8638.26
14-Sep-07,,,,8572.76
17-Sep-07,,,,8640.23
18-Sep-07,,,,8780.89
19-Sep-07,,,,8871
20-Sep-07,,,,8876.07
21-Sep-07,,,,8895.3
24-Sep-07,,,,8963.43
25-Sep-07,,,,8967.51
26-Sep-07,,,,9029.34
27-Sep-07,,,,9046.55
28-Sep-07,,,,9099.93
01-Oct-07,,,,9184.52
03-Oct-07,,,,9102.31
04-Oct-07,,,,9141.92
05-Oct-07,,,,9101.87
08-Oct-07,,,,8801
09-Oct-07,,,,8976.76
10-Oct-07,,,,9022.75
11-Oct-07,,,,9120.38
12-Oct-07,,,,9098.65
15-Oct-07,,,,9311.97
16-Oct-07,,,,9356.13
17-Oct-07,,,,9201.58
18-Oct-07,,,,9078.75
19-Oct-07,,,,8800.32
22-Oct-07,,,,8851.47
23-Oct-07,,,,9135.72
24-Oct-07,,,,9242.38
25-Oct-07,,,,9367.08
26-Oct-07,,,,9550.95
29-Oct-07,,,,9705.2
30-Oct-07,,,,9644.44
31-Oct-07,,,,9796.86
01-Nov-07,,,,9646.61
02-Nov-07,,,,9742.43
05-Nov-07,,,,9847.02
06-Nov-07,,,,9803.03
07-Nov-07,,,,9695.13
08-Nov-07,,,,9610.91
09-Nov-07,,,,9756.88
12-Nov-07,,,,9619.64
13-Nov-07,,,,9801.29
14-Nov-07,,,,10039.38
15-Nov-07,,,,10227.66
16-Nov-07,,,,10380.73
19-Nov-07,,,,10672.89
20-Nov-07,,,,10691.16
21-Nov-07,,,,10265.23
22-Nov-07,,,,10060.87
23-Nov-07,,,,10171.43
26-Nov-07,,,,10343.25
27-Nov-07,,,,10372.07
28-Nov-07,,,,10375.3
29-Nov-07,,,,10389.75
30-Nov-07,,,,10526.02
03-Dec-07,,,,10786.2
04-Dec-07,,,,10956.51
05-Dec-07,,,,11271.96
06-Dec-07,,,,11360.73
07-Dec-07,,,,11342.27
10-Dec-07,,,,11530.92
11-Dec-07,,,,11667.84
12-Dec-07,,,,11884.99
13-Dec-07,,,,12007.33
14-Dec-07,,,,12195.5
17-Dec-07,,,,11840.02
18-Dec-07,,,,11818.12
19-Dec-07,,,,11915.36
20-Dec-07,,,,11813.32
24-Dec-07,,,,11980.57
26-Dec-07,,,,12342.49
27-Dec-07,,,,12628.74
28-Dec-07,,,,12901.29
31-Dec-07,,,,13348.37
01-Jan-08,,,,13703.07
02-Jan-08,,,,13908.97
03-Jan-08,,,,13896.71
04-Jan-08,,,,13884.11
07-Jan-08,,,,13975.19
08-Jan-08,,,,13516.13
09-Jan-08,,,,13369.95
10-Jan-08,,,,12858.63
11-Jan-08,,,,12694.02
14-Jan-08,,,,12862.39
15-Jan-08,,,,12755.29
16-Jan-08,,,,12522.21
17-Jan-08,,,,12740.29
18-Jan-08,,,,12160.45
21-Jan-08,,,,10911.66
22-Jan-08,,,,10028.39
23-Jan-08,,,,10425.34
24-Jan-08,,,,10013.96
25-Jan-08,,,,10420.9
28-Jan-08,,,,10303.51
29-Jan-08,,,,10377.67
30-Jan-08,,,,10146.86
31-Jan-08,,,,10124.42
01-Feb-08,,,,10072.32
04-Feb-08,,,,10361.78
05-Feb-08,,,,10466.78
06-Feb-08,,,,10412.81
07-Feb-08,,,,10202.63
08-Feb-08,,,,9920.35
11-Feb-08,,,,9440.1
12-Feb-08,,,,9173.68
13-Feb-08,,,,9049.7
14-Feb-08,,,,9407.76
15-Feb-08,,,,9621.13
18-Feb-08,,,,9755.35
19-Feb-08,,,,9795.54
20-Feb-08,,,,9631.26
21-Feb-08,,,,9692.99
22-Feb-08,,,,9595.41
25-Feb-08,,,,9526.28
26-Feb-08,,,,9648.49
27-Feb-08,,,,9673.86
28-Feb-08,,,,9668.13
29-Feb-08,,,,9628.13
03-Mar-08,,,,9238.35
04-Mar-08,,,,8953.28
05-Mar-08,,,,8809.79
07-Mar-08,,,,8409.18
10-Mar-08,,,,8248.73
11-Mar-08,,,,8559.1
12-Mar-08,,,,8531.92
13-Mar-08,,,,8075.18
14-Mar-08,,,,8079.5
17-Mar-08,,,,7522.23
18-Mar-08,,,,7365.2
19-Mar-08,,,,7222.2
24-Mar-08,,,,6950.12
25-Mar-08,,,,7284.64
26-Mar-08,,,,7438.96
27-Mar-08,,,,7526.78
28-Mar-08,,,,7901.98
31-Mar-08,,,,7841.62
01-Apr-08,,,,7861.76
02-Apr-08,,,,7912.14
03-Apr-08,,,,7840.29
04-Apr-08,,,,7714.99
07-Apr-08,,,,7777.94
08-Apr-08,,,,7814.17
09-Apr-08,,,,7941.11
10-Apr-08,,,,8031.06
11-Apr-08,,,,8081.43
15-Apr-08,,,,8204.39
16-Apr-08,,,,8351.14
17-Apr-08,,,,8531.36
21-Apr-08,,,,8752.83
22-Apr-08,,,,8798.08
23-Apr-08,,,,8799.86
24-Apr-08,,,,8741.01
25-Apr-08,,,,8727.72
28-Apr-08,,,,8709.82
29-Apr-08,,,,8785.31
30-Apr-08,,,,8773.57
02-May-08,,,,8821.71
05-May-08,,,,8845.35
06-May-08,,,,8749.24
07-May-08,,,,8727.17
08-May-08,,,,8689.04
09-May-08,,,,8505.64
12-May-08,,,,8403.56
13-May-08,,,,8397.71
14-May-08,,,,8434.49
15-May-08,,,,8546.41
16-May-08,,,,8620.26
20-May-08,,,,8658.61
21-May-08,,,,8788.98
22-May-08,,,,8663.84
23-May-08,,,,8517.43
26-May-08,,,,8318.2
27-May-08,,,,8210.08
28-May-08,,,,8237.09
29-May-08,,,,8181.07
30-May-08,,,,8133.04
02-Jun-08,,,,7959.51
03-Jun-08,,,,7882.29
04-Jun-08,,,,7720.26
05-Jun-08,,,,7735.59
06-Jun-08,,,,7696.05
09-Jun-08,,,,7416.54
10-Jun-08,,,,7341.16
11-Jun-08,,,,7467.3
12-Jun-08,,,,7525.9
13-Jun-08,,,,7581.72
16-Jun-08,,,,7669.11
17-Jun-08,,,,7781.3
18-Jun-08,,,,7775.29
19-Jun-08,,,,7660.42
20-Jun-08,,,,7397.66
23-Jun-08,,,,7136.3
24-Jun-08,,,,7006.42
25-Jun-08,,,,7058.02
26-Jun-08,,,,7129.08
27-Jun-08,,,,6938.07
30-Jun-08,,,,6701.96
01-Jul-08,,,,6385.11
02-Jul-08,,,,6506.8
03-Jul-08,,,,6349.17
04-Jul-08,,,,6449.67
07-Jul-08,,,,6593.01
08-Jul-08,,,,6562.62
09-Jul-08,,,,6789.88
10-Jul-08,,,,6809.24
11-Jul-08,,,,6713.66
14-Jul-08,,,,6640.06
15-Jul-08,,,,6430.9
16-Jul-08,,,,6324.45
17-Jul-08,,,,6387.12
18-Jul-08,,,,6455.89
21-Jul-08,,,,6437.98
22-Jul-08,,,,6536.42
23-Jul-08,,,,6812.64
24-Jul-08,,,,6796.11
25-Jul-08,,,,6778.78
28-Jul-08,,,,6912.98
29-Jul-08,,,,6831.01
30-Jul-08,,,,6927.6
31-Jul-08,,,,6912.79
01-Aug-08,,,,6980.1
04-Aug-08,,,,7103.34
05-Aug-08,,,,7192.79
06-Aug-08,,,,7144.13
07-Aug-08,,,,7166.99
08-Aug-08,,,,7181.74
11-Aug-08,,,,7271.35
12-Aug-08,,,,7220.42
13-Aug-08,,,,7229.77
14-Aug-08,,,,7110.44
18-Aug-08,,,,7036.61
19-Aug-08,,,,7012.74
20-Aug-08,,,,7066.23
21-Aug-08,,,,6937.02
22-Aug-08,,,,6925.85
25-Aug-08,,,,6922.25
26-Aug-08,,,,6912.62
27-Aug-08,,,,6859.91
28-Aug-08,,,,6782.3
29-Aug-08,,,,6891.64
01-Sep-08,,,,6891.39
02-Sep-08,,,,6982.39
04-Sep-08,,,,6974.37
05-Sep-08,,,,6905.22
08-Sep-08,,,,6982.77
09-Sep-08,,,,6964.61
10-Sep-08,,,,6903.42
11-Sep-08,,,,6818.93
12-Sep-08,,,,6711.54
15-Sep-08,,,,6380.47
16-Sep-08,,,,6289.41
17-Sep-08,,,,6214.75
18-Sep-08,,,,6075.43
19-Sep-08,,,,6215.99
22-Sep-08,,,,6194.11
23-Sep-08,,,,6092.97
24-Sep-08,,,,6101.51
25-Sep-08,,,,6050.03
26-Sep-08,,,,5861.78
29-Sep-08,,,,5553.03
30-Sep-08,,,,5577.47
01-Oct-08,,,,5606.8
03-Oct-08,,,,5465.4
06-Oct-08,,,,5086.93
07-Oct-08,,,,4976.39
08-Oct-08,,,,4699.19
10-Oct-08,,,,4355.45
13-Oct-08,,,,4514.15
14-Oct-08,,,,4615.89
15-Oct-08,,,,4393.45
16-Oct-08,,,,4286.36
17-Oct-08,,,,4167.86
20-Oct-08,,,,4112.82
21-Oct-08,,,,4196.28
22-Oct-08,,,,4111.69
23-Oct-08,,,,3965.7
24-Oct-08,,,,3661.83
27-Oct-08,,,,3478.84
28-Oct-08,,,,3711.61
29-Oct-08,,,,3674.61
31-Oct-08,,,,3765.11
03-Nov-08,,,,3927.1
04-Nov-08,,,,4035.11
05-Nov-08,,,,3964.78
06-Nov-08,,,,3880.27
07-Nov-08,,,,3900.1
10-Nov-08,,,,3988.03
11-Nov-08,,,,3888.01
12-Nov-08,,,,3813.38
14-Nov-08,,,,3765.05
17-Nov-08,,,,3661.39
18-Nov-08,,,,3558.66
19-Nov-08,,,,3493.12
20-Nov-08,,,,3385.34
21-Nov-08,,,,3390.76
24-Nov-08,,,,3363.96
25-Nov-08,,,,3333.42
26-Nov-08,,,,3314.89
28-Nov-08,,,,3304.61
01-Dec-08,,,,3297.73
02-Dec-08,,,,3252.41
03-Dec-08,,,,3265.1
04-Dec-08,,,,3331.8
05-Dec-08,,,,3323.54
08-Dec-08,,,,3343.2
10-Dec-08,,,,3395.45
11-Dec-08,,,,3443.59
12-Dec-08,,,,3530.96
15-Dec-08,,,,3659.09
16-Dec-08,,,,3776.65
17-Dec-08,,,,3678.56
18-Dec-08,,,,3711.95
19-Dec-08,,,,3744.02
22-Dec-08,,,,3734.95
23-Dec-08,,,,3639.18
24-Dec-08,,,,3600.2
26-Dec-08,,,,3548.54
29-Dec-08,,,,3571.51
30-Dec-08,,,,3635.48
31-Dec-08,,,,3683.11
01-Jan-09,,,,3810.41
02-Jan-09,,,,3870.45
05-Jan-09,,,,3917.37
06-Jan-09,,,,3908.55
07-Jan-09,,,,3662.52
09-Jan-09,,,,3555.6
12-Jan-09,,,,3495.25
13-Jan-09,,,,3442.35
14-Jan-09,,,,3485.69
15-Jan-09,,,,3410.48
16-Jan-09,,,,3412.77
19-Jan-09,,,,3451.46
20-Jan-09,,,,3439.09
21-Jan-09,,,,3372.65
22-Jan-09,,,,3304.95
23-Jan-09,,,,3255.54
27-Jan-09,,,,3266.54
28-Jan-09,,,,3304.98
29-Jan-09,,,,3303.41
30-Jan-09,,,,3339.05
02-Feb-09,,,,3287.95
03-Feb-09,,,,3274.03
04-Feb-09,,,,3273.09
05-Feb-09,,,,3245.3
06-Feb-09,,,,3279.24
09-Feb-09,,,,3332.71
10-Feb-09,,,,3342.52
11-Feb-09,,,,3350.97
12-Feb-09,,,,3374.79
13-Feb-09,,,,3395.58
16-Feb-09,,,,3324.14
17-Feb-09,,,,3245.99
18-Feb-09,,,,3226.06
19-Feb-09,,,,3214.1
20-Feb-09,,,,3160.59
24-Feb-09,,,,3116.11
25-Feb-09,,,,3134.69
26-Feb-09,,,,3112.77
27-Feb-09,,,,3106.01
02-Mar-09,,,,3049.28
03-Mar-09,,,,3009.56
04-Mar-09,,,,2990.17
05-Mar-09,,,,2936.01
06-Mar-09,,,,2911.73
09-Mar-09,,,,2866.68
12-Mar-09,,,,2877.27
13-Mar-09,,,,2934.06
16-Mar-09,,,,2998.49
17-Mar-09,,,,3010.31
18-Mar-09,,,,3064.48
19-Mar-09,,,,3097.53
20-Mar-09,,,,3114.38
23-Mar-09,,,,3176.92
24-Mar-09,,,,3155.45
25-Mar-09,,,,3165.46
26-Mar-09,,,,3187.34
27-Mar-09,,,,3238.11
30-Mar-09,,,,3200.05
31-Mar-09,,,,3246.63
01-Apr-09,,,,3339.87
02-Apr-09,,,,3436.92
06-Apr-09,,,,3547.24
08-Apr-09,,,,3705.97
09-Apr-09,,,,3767.55
13-Apr-09,,,,3915.16
15-Apr-09,,,,4123.45
16-Apr-09,,,,3928.99
17-Apr-09,,,,3951.56
20-Apr-09,,,,4011.15
21-Apr-09,,,,4027.98
22-Apr-09,,,,3962.68
23-Apr-09,,,,3999.78
24-Apr-09,,,,4068.26
27-Apr-09,,,,4027.14
28-Apr-09,,,,3888.32
29-Apr-09,,,,3940.9
04-May-09,,,,4081.7
05-May-09,,,,4162.58
06-May-09,,,,4153.01
07-May-09,,,,4263.6
08-May-09,,,,4277.26
11-May-09,,,,4185.32
12-May-09,,,,4240.71
13-May-09,,,,4220.21
14-May-09,,,,4244.15
15-May-09,,,,4279.6
18-May-09,,,,4666.74
19-May-09,,,,4784.14
20-May-09,,,,5208.18
21-May-09,,,,5342.53
22-May-09,,,,5513.16
25-May-09,,,,5789.43
26-May-09,,,,5608.66
27-May-09,,,,5797.74
28-May-09,,,,5811.69
29-May-09,,,,5986.82
01-Jun-09,,,,6196.78
02-Jun-09,,,,6252.98
03-Jun-09,,,,6384.92
04-Jun-09,,,,6525.19
05-Jun-09,,,,6458.65
08-Jun-09,,,,6083.88
09-Jun-09,,,,6185.61
10-Jun-09,,,,6206.42
11-Jun-09,,,,6150.44
12-Jun-09,,,,6014.66
15-Jun-09,,,,5885.76
16-Jun-09,,,,6011.36
17-Jun-09,,,,5786.54
18-Jun-09,,,,5572.44
19-Jun-09,,,,5617.96
22-Jun-09,,,,5599.57
23-Jun-09,,,,5592.4
24-Jun-09,,,,5719.03
25-Jun-09,,,,5693.02
26-Jun-09,,,,5800.75
29-Jun-09,,,,5887.86
30-Jun-09,,,,5740.04
01-Jul-09,,,,5757.42
02-Jul-09,,,,5800.24
03-Jul-09,,,,5824.95
06-Jul-09,,,,5562.87
07-Jul-09,,,,5544.27
08-Jul-09,,,,5337.35
09-Jul-09,,,,5329.72
10-Jul-09,,,,5234.5
13-Jul-09,,,,5057.7
14-Jul-09,,,,5283.02
15-Jul-09,,,,5523.8
16-Jul-09,,,,5545.56
17-Jul-09,,,,5680.9
20-Jul-09,,,,5823.87
21-Jul-09,,,,5837.82
22-Jul-09,,,,5817.36
23-Jul-09,,,,5942.85
24-Jul-09,,,,6050.2
27-Jul-09,,,,6142.74
28-Jul-09,,,,6245.81
29-Jul-09,,,,6154.75
30-Jul-09,,,,6204.01
31-Jul-09,,,,6205.83
03-Aug-09,,,,6313.78
04-Aug-09,,,,6333.95
05-Aug-09,,,,6397.38
06-Aug-09,,,,6314.79
07-Aug-09,,,,6193.76
10-Aug-09,,,,6073.03
11-Aug-09,,,,6106.22
12-Aug-09,,,,6134.93
13-Aug-09,,,,6387.05
14-Aug-09,,,,6412.56
17-Aug-09,,,,6211.71
18-Aug-09,,,,6341.45
19-Aug-09,,,,6308.39
20-Aug-09,,,,6360.27
21-Aug-09,,,,6462.98
24-Aug-09,,,,6645.87
25-Aug-09,,,,6745.24
26-Aug-09,,,,6878.35
27-Aug-09,,,,6907.06
28-Aug-09,,,,6961.76
31-Aug-09,,,,6997.03
01-Sep-09,,,,6891.17
02-Sep-09,,,,6869.02
03-Sep-09,,,,6917.82
04-Sep-09,,,,6991.51
07-Sep-09,,,,7189.47
08-Sep-09,,,,7178.95
09-Sep-09,,,,7183.38
10-Sep-09,,,,7128.19
11-Sep-09,,,,7101.27
14-Sep-09,,,,7133.66
15-Sep-09,,,,7228.68
16-Sep-09,,,,7308.11
17-Sep-09,,,,7317.5
18-Sep-09,,,,7373.64
22-Sep-09,,,,7451.02
23-Sep-09,,,,7349.03
24-Sep-09,,,,7382.77
25-Sep-09,,,,7450.25
29-Sep-09,,,,7519.59
30-Sep-09,,,,7590.04
01-Oct-09,,,,7587.18
05-Oct-09,,,,7426
06-Oct-09,,,,7372.49
07-Oct-09,,,,7406.45
08-Oct-09,,,,7422.72
09-Oct-09,,,,7371.79
12-Oct-09,,,,7449.34
14-Oct-09,,,,7564.25
15-Oct-09,,,,7630.13
16-Oct-09,,,,7667
17-Oct-09,,,,7771.12
20-Oct-09,,,,7782.87
21-Oct-09,,,,7800.39
22-Oct-09,,,,7647.77
23-Oct-09,,,,7673.5
26-Oct-09,,,,7573.02
27-Oct-09,,,,7238.22
28-Oct-09,,,,7206.53
29-Oct-09,,,,7113.84
30-Oct-09,,,,7058.72
03-Nov-09,,,,6741.24
04-Nov-09,,,,6888.53
05-Nov-09,,,,7013.85
06-Nov-09,,,,7170.94
09-Nov-09,,,,7325.63
10-Nov-09,,,,7297.91
11-Nov-09,,,,7414.77
12-Nov-09,,,,7394.94
13-Nov-09,,,,7409.7
16-Nov-09,,,,7499.83
17-Nov-09,,,,7516.63
18-Nov-09,,,,7576.39
19-Nov-09,,,,7494.79
20-Nov-09,,,,7527.32
23-Nov-09,,,,7590.68
24-Nov-09,,,,7617.7
25-Nov-09,,,,7605.26
26-Nov-09,,,,7530.49
27-Nov-09,,,,7369.37
30-Nov-09,,,,7522.98
01-Dec-09,,,,7684.96
02-Dec-09,,,,7751.85
03-Dec-09,,,,7822.96
04-Dec-09,,,,7852.43
07-Dec-09,,,,7819.86
08-Dec-09,,,,7927.83
09-Dec-09,,,,7956.58
10-Dec-09,,,,8027.45
11-Dec-09,,,,7968.65
14-Dec-09,,,,7932.43
15-Dec-09,,,,7819.56
16-Dec-09,,,,7846.38
17-Dec-09,,,,7915.76
18-Dec-09,,,,7885.72
21-Dec-09,,,,7874.24
22-Dec-09,,,,7952.07
23-Dec-09,,,,8072.09
24-Dec-09,,,,8120.71
29-Dec-09,,,,8214.97
30-Dec-09,,,,8307.9
31-Dec-09,,,,8357.62
04-Jan-10,,,,8491.73
05-Jan-10,,,,8564.28
06-Jan-10,,,,8601.91
07-Jan-10,,,,8659.76
08-Jan-10,,,,8697.64
11-Jan-10,,,,8854.39
12-Jan-10,,,,8753.68
13-Jan-10,,,,8829.05
14-Jan-10,,,,8934.87
15-Jan-10,,,,8970.46
18-Jan-10,,,,9026.78
19-Jan-10,,,,8976.09
20-Jan-10,,,,8982.81
21-Jan-10,,,,8760.99
22-Jan-10,,,,8661.17
25-Jan-10,,,,8583.01
27-Jan-10,,,,8148.82
28-Jan-10,,,,8134.89
29-Jan-10,,,,8232.68
01-Feb-10,,,,8456.74
02-Feb-10,,,,8391.91
03-Feb-10,,,,8481.01
04-Feb-10,,,,8344.74
05-Feb-10,,,,8073.92
06-Feb-10,,,,8197.93
08-Feb-10,,,,8191.2
09-Feb-10,,,,8227.34
10-Feb-10,,,,8235.8
11-Feb-10,,,,8303.08
15-Feb-10,,,,8272.69
16-Feb-10,,,,8317.62
17-Feb-10,,,,8368.7
18-Feb-10,,,,8335.11
19-Feb-10,,,,8204.57
22-Feb-10,,,,8118.52
23-Feb-10,,,,8043.9
24-Feb-10,,,,7994.98
25-Feb-10,,,,7980.95
26-Feb-10,,,,8067.4
02-Mar-10,,,,8255.56
03-Mar-10,,,,8362.32
04-Mar-10,,,,8430.32
05-Mar-10,,,,8499.64
08-Mar-10,,,,8591.87
09-Mar-10,,,,8530.72
10-Mar-10,,,,8512.57
11-Mar-10,,,,8470.34
12-Mar-10,,,,8432.5
15-Mar-10,,,,8362.2
16-Mar-10,,,,8469.16
17-Mar-10,,,,8457.61
18-Mar-10,,,,8462.93
19-Mar-10,,,,8494.58
22-Mar-10,,,,8422.37
23-Mar-10,,,,8447.89
25-Mar-10,,,,8429.94
26-Mar-10,,,,8427.14
29-Mar-10,,,,8389.96
30-Mar-10,,,,8455.71
31-Mar-10,,,,8497.43
01-Apr-10,,,,8703.59
05-Apr-10,,,,8875.29
06-Apr-10,,,,8921.58
07-Apr-10,,,,8983.99
08-Apr-10,,,,8949.62
09-Apr-10,,,,9063.67
12-Apr-10,,,,9092.12
13-Apr-10,,,,9086.62
15-Apr-10,,,,9034.31
16-Apr-10,,,,9016.84
19-Apr-10,,,,8882
20-Apr-10,,,,9022.58
21-Apr-10,,,,9146.7
22-Apr-10,,,,9153.54
23-Apr-10,,,,9200.22
26-Apr-10,,,,9245.03
27-Apr-10,,,,9244.4
28-Apr-10,,,,9055.19
29-Apr-10,,,,9171.56
30-Apr-10,,,,9207.14
03-May-10,,,,9168.62
04-May-10,,,,9007.77
05-May-10,,,,8986.46
06-May-10,,,,8979.45
07-May-10,,,,8709.35
10-May-10,,,,8948.7
11-May-10,,,,8872.42
12-May-10,,,,8848.65
13-May-10,,,,8934.4
14-May-10,,,,8810.28
17-May-10,,,,8750.12
18-May-10,,,,8812.5
19-May-10,,,,8588.45
20-May-10,,,,8541.17
21-May-10,,,,8415.31
24-May-10,,,,8466.94
25-May-10,,,,8176.24
26-May-10,,,,8313.99
27-May-10,,,,8377.66
28-May-10,,,,8494.45
31-May-10,,,,8547.16
01-Jun-10,,,,8462.93
02-Jun-10,,,,8529.45
03-Jun-10,,,,8627.59
04-Jun-10,,,,8640.4
07-Jun-10,,,,8515.36
08-Jun-10,,,,8468.3
09-Jun-10,,,,8492.5
10-Jun-10,,,,8599.89
11-Jun-10,,,,8637.79
14-Jun-10,,,,8750
15-Jun-10,,,,8824.3
16-Jun-10,,,,8839.74
17-Jun-10,,,,8890.87
18-Jun-10,,,,8846.27
21-Jun-10,,,,8953.83
22-Jun-10,,,,8959.83
23-Jun-10,,,,9022.47
24-Jun-10,,,,9037.8
25-Jun-10,,,,8989.2
28-Jun-10,,,,9087.8
29-Jun-10,,,,9031.6
30-Jun-10,,,,9071.2
01-Jul-10,,,,9081.32
02-Jul-10,,,,9103.98
05-Jul-10,,,,9132.82
06-Jul-10,,,,9187.47
07-Jul-10,,,,9176.66
08-Jul-10,,,,9235.68
09-Jul-10,,,,9270.58
12-Jul-10,,,,9326.28
13-Jul-10,,,,9393.7
14-Jul-10,,,,9369.56
15-Jul-10,,,,9381.19
16-Jul-10,,,,9443.41
19-Jul-10,,,,9456.43
20-Jul-10,,,,9432.18
21-Jul-10,,,,9465.84
22-Jul-10,,,,9491.04
23-Jul-10,,,,9439.32
26-Jul-10,,,,9363.26
27-Jul-10,,,,9360.12
28-Jul-10,,,,9345.49
29-Jul-10,,,,9329.97
30-Jul-10,,,,9348.97
02-Aug-10,,,,9435.28
03-Aug-10,,,,9466.7
04-Aug-10,,,,9516.49
05-Aug-10,,,,9561.25
06-Aug-10,,,,9584.21
09-Aug-10,,,,9720.36
10-Aug-10,,,,9686.52
11-Aug-10,,,,9642.29
12-Aug-10,,,,9645.42
13-Aug-10,,,,9710.28
16-Aug-10,,,,9685.72
17-Aug-10,,,,9718.5
18-Aug-10,,,,9786.7
19-Aug-10,,,,9863.9
20-Aug-10,,,,9875.76
23-Aug-10,,,,9968.19
24-Aug-10,,,,9900.89
25-Aug-10,,,,9759.81
26-Aug-10,,,,9767.71
27-Aug-10,,,,9640.95
30-Aug-10,,,,9636.47
31-Aug-10,,,,9540.56
01-Sep-10,,,,9712.85
02-Sep-10,,,,9820.62
03-Sep-10,,,,9912.64
06-Sep-10,,,,10094.52
07-Sep-10,,,,10156.62
08-Sep-10,,,,10216.05
09-Sep-10,,,,10249.25
13-Sep-10,,,,10271.94
14-Sep-10,,,,10195.4
15-Sep-10,,,,10186.22
16-Sep-10,,,,10144.42
17-Sep-10,,,,10238.91
20-Sep-10,,,,10314.46
21-Sep-10,,,,10176.35
22-Sep-10,,,,10153.58
23-Sep-10,,,,10160.31
24-Sep-10,,,,10267.33
27-Sep-10,,,,10280.57
28-Sep-10,,,,10284.03
29-Sep-10,,,,10234.72
30-Sep-10,,,,10245.7
01-Oct-10,,,,10403.65
04-Oct-10,,,,10438
05-Oct-10,,,,10556.78
06-Oct-10,,,,10636.36
07-Oct-10,,,,10541.69
08-Oct-10,,,,10512.53
11-Oct-10,,,,10649
12-Oct-10,,,,10648.89
13-Oct-10,,,,10761.52
14-Oct-10,,,,10708.48
15-Oct-10,,,,10629.65
18-Oct-10,,,,10613.85
19-Oct-10,,,,10638.96
20-Oct-10,,,,10582.04
21-Oct-10,,,,10691.69
22-Oct-10,,,,10723.7
25-Oct-10,,,,10826.04
26-Oct-10,,,,10849.63
27-Oct-10,,,,10816.26
28-Oct-10,,,,10758.55
29-Oct-10,,,,10597.59
01-Nov-10,,,,10726.12
02-Nov-10,,,,10735.54
03-Nov-10,,,,10808.69
04-Nov-10,,,,10880.3
05-Nov-10,,,,11044.44
08-Nov-10,,,,11053.75
09-Nov-10,,,,11148.22
10-Nov-10,,,,11243.99
11-Nov-10,,,,11191.53
12-Nov-10,,,,10918.15
15-Nov-10,,,,10885.3
16-Nov-10,,,,10566.95
18-Nov-10,,,,10455.25
19-Nov-10,,,,10237.29
22-Nov-10,,,,10387.24
23-Nov-10,,,,10210.23
24-Nov-10,,,,10153.17
25-Nov-10,,,,9963.32
26-Nov-10,,,,9515.93
29-Nov-10,,,,9562.79
30-Nov-10,,,,9744.71
01-Dec-10,,,,10050.86
02-Dec-10,,,,10163.48
03-Dec-10,,,,9858.98
06-Dec-10,,,,9770.57
07-Dec-10,,,,9604.63
08-Dec-10,,,,9294.99
09-Dec-10,,,,8745.12
10-Dec-10,,,,8951.3
13-Dec-10,,,,9134.65
14-Dec-10,,,,9282.59
15-Dec-10,,,,9139.43
16-Dec-10,,,,9184
20-Dec-10,,,,9221.15
21-Dec-10,,,,9308.91
22-Dec-10,,,,9337.11
23-Dec-10,,,,9324.54
24-Dec-10,,,,9354.43
27-Dec-10,,,,9374.21
28-Dec-10,,,,9405.02
29-Dec-10,,,,9511.24
30-Dec-10,,,,9552.61
31-Dec-10,,,,9670.31
03-Jan-11,,,,9845.05
04-Jan-11,,,,9841.17
05-Jan-11,,,,9740.38
06-Jan-11,,,,9639.15
07-Jan-11,,,,9363.19
10-Jan-11,,,,9098.66
11-Jan-11,,,,9019.13
12-Jan-11,,,,9147.63
13-Jan-11,,,,9088.24
14-Jan-11,,,,8993.84
17-Jan-11,,,,8868.15
18-Jan-11,,,,8893.27
19-Jan-11,,,,8901.67
20-Jan-11,,,,8905.18
21-Jan-11,,,,8946.17
24-Jan-11,,,,9016.54
25-Jan-11,,,,8985.14
27-Jan-11,,,,8864.23
28-Jan-11,,,,8546.29
31-Jan-11,,,,8477.82
01-Feb-11,,,,8355.75
02-Feb-11,,,,8362.41
03-Feb-11,,,,8464
04-Feb-11,,,,8331.2
07-Feb-11,,,,8261.72
08-Feb-11,,,,7995.27
09-Feb-11,,,,7651.82
10-Feb-11,,,,7585.65
11-Feb-11,,,,7808.79
14-Feb-11,,,,8116.62
15-Feb-11,,,,8164.86
16-Feb-11,,,,8247.42
17-Feb-11,,,,8324.56
18-Feb-11,,,,8128.91
21-Feb-11,,,,8121.26
22-Feb-11,,,,8061.75
23-Feb-11,,,,8036.41
24-Feb-11,,,,7814.04
25-Feb-11,,,,7789.47
28-Feb-11,,,,7817.32
01-Mar-11,,,,8003.06
03-Mar-11,,,,8019.88
04-Mar-11,,,,7998.99
07-Mar-11,,,,7884.86
08-Mar-11,,,,7944.85
09-Mar-11,,,,8009.65
10-Mar-11,,,,7989.69
11-Mar-11,,,,7899.81
14-Mar-11,,,,7920.72
15-Mar-11,,,,7791.33
16-Mar-11,,,,7889.62
17-Mar-11,,,,7859.27
18-Mar-11,,,,7797.8
21-Mar-11,,,,7775.36
22-Mar-11,,,,7817.65
23-Mar-11,,,,7868.13
24-Mar-11,,,,7920.84
25-Mar-11,,,,8001.63
28-Mar-11,,,,8011.63
29-Mar-11,,,,7982.84
30-Mar-11,,,,8158.67
31-Mar-11,,,,8175.89
01-Apr-11,,,,8358.19
04-Apr-11,,,,8594.69
05-Apr-11,,,,8718.72
06-Apr-11,,,,8786.94
07-Apr-11,,,,8897.19
08-Apr-11,,,,8772.55
11-Apr-11,,,,8709.91
13-Apr-11,,,,8823.46
15-Apr-11,,,,8808.16
18-Apr-11,,,,8737.06
19-Apr-11,,,,8762.65
20-Apr-11,,,,8875.8
21-Apr-11,,,,8878.57
25-Apr-11,,,,8899.9
26-Apr-11,,,,8896.86
27-Apr-11,,,,8897.04
28-Apr-11,,,,8854.08
29-Apr-11,,,,8715.31
02-May-11,,,,8615.19
03-May-11,,,,8435.97
04-May-11,,,,8390.3
05-May-11,,,,8287.07
06-May-11,,,,8342.58
09-May-11,,,,8342.8
10-May-11,,,,8363.96
11-May-11,,,,8424.91
12-May-11,,,,8335.43
13-May-11,,,,8368.22
16-May-11,,,,8306.55
17-May-11,,,,8255.47
18-May-11,,,,8189.57
19-May-11,,,,8145.57
20-May-11,,,,8185.18
23-May-11,,,,8057.02
24-May-11,,,,8053.96
25-May-11,,,,8001.72
26-May-11,,,,8038.18
27-May-11,,,,8109.86
30-May-11,,,,8154.64
31-May-11,,,,8235.72
01-Jun-11,,,,8307.65
02-Jun-11,,,,8242.84
03-Jun-11,,,,8238.69
06-Jun-11,,,,8252.8
07-Jun-11,,,,8306.37
08-Jun-11,,,,8319.5
09-Jun-11,,,,8326.35
10-Jun-11,,,,8288.46
13-Jun-11,,,,8313.32
14-Jun-11,,,,8344.29
15-Jun-11,,,,8294.89
16-Jun-11,,,,8249.98
17-Jun-11,,,,8174.49
20-Jun-11,,,,7907.97
21-Jun-11,,,,7874.14
22-Jun-11,,,,7807.71
23-Jun-11,,,,7781.94
24-Jun-11,,,,7922.38
27-Jun-11,,,,7985.89
28-Jun-11,,,,8033.63
29-Jun-11,,,,8110.3
30-Jun-11,,,,8156.6
01-Jul-11,,,,8224.41
04-Jul-11,,,,8322.16
05-Jul-11,,,,8338.42
06-Jul-11,,,,8357.65
07-Jul-11,,,,8447.99
08-Jul-11,,,,8375.14
11-Jul-11,,,,8339.88
12-Jul-11,,,,8261.82
13-Jul-11,,,,8341.72
14-Jul-11,,,,8356.39
15-Jul-11,,,,8363.22
18-Jul-11,,,,8393.95
19-Jul-11,,,,8462.92
20-Jul-11,,,,8432.34
21-Jul-11,,,,8394.3
22-Jul-11,,,,8463.49
25-Jul-11,,,,8505.42
26-Jul-11,,,,8437.68
27-Jul-11,,,,8440.11
28-Jul-11,,,,8361.42
29-Jul-11,,,,8305.58
01-Aug-11,,,,8283.88
02-Aug-11,,,,8163.65
03-Aug-11,,,,8109.39
04-Aug-11,,,,8063.05
05-Aug-11,,,,7815.05
08-Aug-11,,,,7641.08
09-Aug-11,,,,7484.57
10-Aug-11,,,,7669.05
11-Aug-11,,,,7654.25
12-Aug-11,,,,7620.91
16-Aug-11,,,,7460.95
17-Aug-11,,,,7340.5
18-Aug-11,,,,7148.19
19-Aug-11,,,,7004.56
22-Aug-11,,,,7112.61
23-Aug-11,,,,7195.32
24-Aug-11,,,,7158.64
25-Aug-11,,,,7099.61
26-Aug-11,,,,6911.36
29-Aug-11,,,,7053.81
30-Aug-11,,,,7131.48
02-Sep-11,,,,7133.74
05-Sep-11,,,,7146.45
06-Sep-11,,,,7197.24
07-Sep-11,,,,7307.02
08-Sep-11,,,,7359.33
09-Sep-11,,,,7304.02
12-Sep-11,,,,7168.06
13-Sep-11,,,,7169.07
14-Sep-11,,,,7195.4
15-Sep-11,,,,7213.76
16-Sep-11,,,,7213.02
19-Sep-11,,,,7211.53
20-Sep-11,,,,7300.17
21-Sep-11,,,,7352.01
22-Sep-11,,,,7121.52
23-Sep-11,,,,7041.12
26-Sep-11,,,,6923.41
27-Sep-11,,,,7017.27
28-Sep-11,,,,6949.48
29-Sep-11,,,,6942.17
30-Sep-11,,,,6881.08
03-Oct-11,,,,6779.16
04-Oct-11,,,,6704.93
05-Oct-11,,,,6644.9
07-Oct-11,,,,6721.55
10-Oct-11,,,,6786.96
11-Oct-11,,,,6802.09
12-Oct-11,,,,6882.15
13-Oct-11,,,,6886.27
14-Oct-11,,,,6907.96
17-Oct-11,,,,6922.97
18-Oct-11,,,,6854.38
19-Oct-11,,,,6898.66
20-Oct-11,,,,6866.27
21-Oct-11,,,,6825.1
24-Oct-11,,,,6805.68
25-Oct-11,,,,6800.68
26-Oct-11,,,,6899.15
28-Oct-11,,,,6959.73
31-Oct-11,,,,6974.61
01-Nov-11,,,,6936.47
02-Nov-11,,,,6932.23
03-Nov-11,,,,6931.98
04-Nov-11,,,,6958.13
08-Nov-11,,,,6946.05
09-Nov-11,,,,6872.56
11-Nov-11,,,,6764.72
14-Nov-11,,,,6645.49
15-Nov-11,,,,6461.38
16-Nov-11,,,,6374.79
17-Nov-11,,,,6301.73
18-Nov-11,,,,6182.31
21-Nov-11,,,,6078.66
22-Nov-11,,,,6080.57
23-Nov-11,,,,5975.99
24-Nov-11,,,,5998.88
25-Nov-11,,,,6049.39
28-Nov-11,,,,6153.36
29-Nov-11,,,,6142.16
30-Nov-11,,,,6097.26
01-Dec-11,,,,6123.71
02-Dec-11,,,,6190.03
05-Dec-11,,,,6195.36
07-Dec-11,,,,6207.9
08-Dec-11,,,,6108
09-Dec-11,,,,6053.51
12-Dec-11,,,,5960.48
13-Dec-11,,,,5918.17
14-Dec-11,,,,5869.98
15-Dec-11,,,,5781.04
16-Dec-11,,,,5688.39
19-Dec-11,,,,5546.16
20-Dec-11,,,,5465.7
21-Dec-11,,,,5516.85
22-Dec-11,,,,5555.5
23-Dec-11,,,,5614.9
26-Dec-11,,,,5669.98
27-Dec-11,,,,5650.02
28-Dec-11,,,,5586.55
29-Dec-11,,,,5544.99
30-Dec-11,,,,5550.14
02-Jan-12,,,,5556.48
03-Jan-12,,,,5685.77
04-Jan-12,,,,5691.37
05-Jan-12,,,,5703.22
06-Jan-12,,,,5704.32
07-Jan-12,,,,5761.61
09-Jan-12,,,,5842.53
10-Jan-12,,,,5996.48
11-Jan-12,,,,6075.43
12-Jan-12,,,,6084.27
13-Jan-12,,,,6171.75
16-Jan-12,,,,6192.03
17-Jan-12,,,,6258.45
18-Jan-12,,,,6195.7
19-Jan-12,,,,6272.23
20-Jan-12,,,,6277.27
23-Jan-12,,,,6294.01
24-Jan-12,,,,6338.01
25-Jan-12,,,,6408.45
27-Jan-12,,,,6491.69
30-Jan-12,,,,6373.59
31-Jan-12,,,,6463.3
01-Feb-12,,,,6573.58
02-Feb-12,,,,6608.97
03-Feb-12,,,,6686.55
06-Feb-12,,,,6781.93
07-Feb-12,,,,6751.98
08-Feb-12,,,,6812.15
09-Feb-12,,,,6892.49
10-Feb-12,,,,6890.85
13-Feb-12,,,,6903.57
14-Feb-12,,,,6960.66
15-Feb-12,,,,7063.98
16-Feb-12,,,,7131.65
17-Feb-12,,,,7116.49
21-Feb-12,,,,7202.12
22-Feb-12,,,,6969.06
23-Feb-12,,,,6905.89
24-Feb-12,,,,6857.04
27-Feb-12,,,,6633.64
28-Feb-12,,,,6817.91
29-Feb-12,,,,6859.97
01-Mar-12,,,,6833.85
02-Mar-12,,,,6827.66
03-Mar-12,,,,6853.09
05-Mar-12,,,,6787.7
06-Mar-12,,,,6700.19
07-Mar-12,,,,6659.37
09-Mar-12,,,,6749.21
12-Mar-12,,,,6796.26
13-Mar-12,,,,6865.93
14-Mar-12,,,,6846.64
15-Mar-12,,,,6780.45
16-Mar-12,,,,6704.46
19-Mar-12,,,,6632.28
20-Mar-12,,,,6630.43
21-Mar-12,,,,6712.2
22-Mar-12,,,,6599.69
23-Mar-12,,,,6626.35
26-Mar-12,,,,6533.36
27-Mar-12,,,,6522.05
28-Mar-12,,,,6451.49
29-Mar-12,,,,6496.8
30-Mar-12,,,,6629.38
02-Apr-12,,,,6741.03
03-Apr-12,,,,6817.69
04-Apr-12,,,,6844.9
09-Apr-12,,,,6800.56
10-Apr-12,,,,6792.31
11-Apr-12,,,,6774.06
12-Apr-12,,,,6842.25
13-Apr-12,,,,6799.23
16-Apr-12,,,,6837.26
17-Apr-12,,,,6880.36
18-Apr-12,,,,6914.49
19-Apr-12,,,,6932.83
20-Apr-12,,,,6900.58
23-Apr-12,,,,6794.56
24-Apr-12,,,,6789.81
25-Apr-12,,,,6753.87
26-Apr-12,,,,6726.37
27-Apr-12,,,,6697.89
28-Apr-12,,,,6726.17
30-Apr-12,,,,6764.62
02-May-12,,,,6777.94
03-May-12,,,,6709.96
04-May-12,,,,6588.26
07-May-12,,,,6608.35
08-May-12,,,,6550.82
09-May-12,,,,6469.96
10-May-12,,,,6454.2
11-May-12,,,,6395.38
14-May-12,,,,6314.57
15-May-12,,,,6335.27
16-May-12,,,,6264.95
17-May-12,,,,6270.36
18-May-12,,,,6255.42
21-May-12,,,,6317.41
22-May-12,,,,6274.69
23-May-12,,,,6238.23
24-May-12,,,,6284.84
25-May-12,,,,6318.33
28-May-12,,,,6373.46
29-May-12,,,,6384.37
30-May-12,,,,6307.15
31-May-12,,,,6271
01-Jun-12,,,,6194.44
04-Jun-12,,,,6180.43
05-Jun-12,,,,6193.22
06-Jun-12,,,,6284.62
07-Jun-12,,,,6313.63
08-Jun-12,,,,6326.14
11-Jun-12,,,,6339.5
12-Jun-12,,,,6357.24
13-Jun-12,,,,6365.3
14-Jun-12,,,,6322.47
15-Jun-12,,,,6351.44
18-Jun-12,,,,6307.09
19-Jun-12,,,,6306.55
20-Jun-12,,,,6356.49
21-Jun-12,,,,6405.08
22-Jun-12,,,,6407.5
25-Jun-12,,,,6422.72
26-Jun-12,,,,6424.05
27-Jun-12,,,,6444.39
28-Jun-12,,,,6458.85
29-Jun-12,,,,6543.75
02-Jul-12,,,,6615.29
03-Jul-12,,,,6667.98
04-Jul-12,,,,6726.55
05-Jul-12,,,,6836.54
06-Jul-12,,,,6822.52
09-Jul-12,,,,6750.33
10-Jul-12,,,,6805.1
11-Jul-12,,,,6789.08
12-Jul-12,,,,6744.53
13-Jul-12,,,,6737.42
16-Jul-12,,,,6696.02
17-Jul-12,,,,6638.1
18-Jul-12,,,,6657.53
19-Jul-12,,,,6682.47
20-Jul-12,,,,6675.35
23-Jul-12,,,,6599.2
24-Jul-12,,,,6608
25-Jul-12,,,,6555.87
26-Jul-12,,,,6420.07
27-Jul-12,,,,6357.6
30-Jul-12,,,,6439.79
31-Jul-12,,,,6447.89
01-Aug-12,,,,6520.3
02-Aug-12,,,,6550.79
03-Aug-12,,,,6545.7
06-Aug-12,,,,6597.21
07-Aug-12,,,,6620.79
08-Aug-12,,,,6595.87
09-Aug-12,,,,6568.63
10-Aug-12,,,,6549.77
13-Aug-12,,,,6579.92
14-Aug-12,,,,6596.4
16-Aug-12,,,,6614.07
17-Aug-12,,,,6615.25
21-Aug-12,,,,6649.68
22-Aug-12,,,,6634.77
23-Aug-12,,,,6626.53
24-Aug-12,,,,6574.78
27-Aug-12,,,,6511.59
28-Aug-12,,,,6419.06
29-Aug-12,,,,6364.32
30-Aug-12,,,,6381.27
31-Aug-12,,,,6395.09
03-Sep-12,,,,6397.28
04-Sep-12,,,,6422.53
05-Sep-12,,,,6391.36
06-Sep-12,,,,6406.94
07-Sep-12,,,,6455.7
08-Sep-12,,,,6496.23
10-Sep-12,,,,6541.65
11-Sep-12,,,,6579.68
12-Sep-12,,,,6610.08
13-Sep-12,,,,6593.54
14-Sep-12,,,,6623.12
17-Sep-12,,,,6697.66
18-Sep-12,,,,6746.66
20-Sep-12,,,,6710.97
21-Sep-12,,,,6809.21
24-Sep-12,,,,6866.91
25-Sep-12,,,,6903.15
26-Sep-12,,,,6947.84
27-Sep-12,,,,6958.46
28-Sep-12,,,,7017.89
01-Oct-12,,,,7117.36
03-Oct-12,,,,7186.01
04-Oct-12,,,,7210.87
05-Oct-12,,,,7145.71
08-Oct-12,,,,7134.07
09-Oct-12,,,,7157.38
10-Oct-12,,,,7048.17
11-Oct-12,,,,7107.66
12-Oct-12,,,,7109.73
15-Oct-12,,,,7140.25
16-Oct-12,,,,7111.01
17-Oct-12,,,,7132.34
18-Oct-12,,,,7193.89
19-Oct-12,,,,7169.75
22-Oct-12,,,,7191.65
23-Oct-12,,,,7173.49
25-Oct-12,,,,7161.41
26-Oct-12,,,,7086.24
29-Oct-12,,,,7043.62
30-Oct-12,,,,6954.74
31-Oct-12,,,,6989.17
01-Nov-12,,,,7041.47
02-Nov-12,,,,7064.38
05-Nov-12,,,,7057.09
06-Nov-12,,,,7082.13
07-Nov-12,,,,7133.83
08-Nov-12,,,,7119.02
09-Nov-12,,,,7069.65
12-Nov-12,,,,7084.03
13-Nov-12,,,,7172.15
15-Nov-12,,,,7191.99
16-Nov-12,,,,7110.75
19-Nov-12,,,,7050.54
20-Nov-12,,,,6988.46
21-Nov-12,,,,7015.48
22-Nov-12,,,,7042.95
23-Nov-12,,,,7057.11
26-Nov-12,,,,7117.4
27-Nov-12,,,,7183.47
29-Nov-12,,,,7216.12
30-Nov-12,,,,7275.65
03-Dec-12,,,,7338.13
04-Dec-12,,,,7381.73
05-Dec-12,,,,7419.82
06-Dec-12,,,,7453.77
07-Dec-12,,,,7445.98
10-Dec-12,,,,7470.08
11-Dec-12,,,,7402.1
12-Dec-12,,,,7420.17
13-Dec-12,,,,7348.17
14-Dec-12,,,,7353.72
17-Dec-12,,,,7387.33
18-Dec-12,,,,7431.17
19-Dec-12,,,,7463.51
20-Dec-12,,,,7434.86
21-Dec-12,,,,7325.51
24-Dec-12,,,,7348.99
26-Dec-12,,,,7375.8
27-Dec-12,,,,7321.67
28-Dec-12,,,,7342.2
31-Dec-12,,,,7379.94
01-Jan-13,,,,7452.88
02-Jan-13,,,,7519.83
03-Jan-13,,,,7589.41
04-Jan-13,,,,7615.6
07-Jan-13,,,,7657.34
08-Jan-13,,,,7634.8
09-Jan-13,,,,7615.98
10-Jan-13,,,,7574.51
11-Jan-13,,,,7454.76
14-Jan-13,,,,7509.65
15-Jan-13,,,,7504.83
16-Jan-13,,,,7411.71
17-Jan-13,,,,7409.18
18-Jan-13,,,,7370.34
21-Jan-13,,,,7371.65
22-Jan-13,,,,7312.28
23-Jan-13,,,,7246.78
24-Jan-13,,,,7069.84
25-Jan-13,,,,7142.71
28-Jan-13,,,,7162.05
29-Jan-13,,,,7096.94
30-Jan-13,,,,7081.73
31-Jan-13,,,,7074.07
01-Feb-13,,,,7056.48
04-Feb-13,,,,7006.73
05-Feb-13,,,,6935.67
06-Feb-13,,,,6952.46
07-Feb-13,,,,6859.1
08-Feb-13,,,,6794.14
11-Feb-13,,,,6773.11
12-Feb-13,,,,6738.77
13-Feb-13,,,,6707.53
14-Feb-13,,,,6583.07
15-Feb-13,,,,6540.92
18-Feb-13,,,,6587.48
19-Feb-13,,,,6649.73
20-Feb-13,,,,6673.72
21-Feb-13,,,,6557.61
22-Feb-13,,,,6564.76
25-Feb-13,,,,6475.65
26-Feb-13,,,,6318.36
27-Feb-13,,,,6331.05
28-Feb-13,,,,6206.22
01-Mar-13,,,,6195.32
04-Mar-13,,,,6078.12
05-Mar-13,,,,6145.89
06-Mar-13,,,,6238.02
07-Mar-13,,,,6290.76
08-Mar-13,,,,6333.78
11-Mar-13,,,,6351.34
12-Mar-13,,,,6317.65
13-Mar-13,,,,6237.64
14-Mar-13,,,,6231.76
15-Mar-13,,,,6179.53
18-Mar-13,,,,6137.85
19-Mar-13,,,,6041.78
20-Mar-13,,,,5901.6
21-Mar-13,,,,5829.1
22-Mar-13,,,,5772.93
25-Mar-13,,,,5726.91
26-Mar-13,,,,5729.03
28-Mar-13,,,,5804.65
01-Apr-13,,,,5938.17
02-Apr-13,,,,6073.78
03-Apr-13,,,,6048.75
04-Apr-13,,,,5923.07
05-Apr-13,,,,5914.39
08-Apr-13,,,,5906.74
09-Apr-13,,,,5856.92
10-Apr-13,,,,5857.63
11-Apr-13,,,,5894.84
12-Apr-13,,,,5872.11
15-Apr-13,,,,5897.52
16-Apr-13,,,,5922.71
17-Apr-13,,,,5940.3
18-Apr-13,,,,5975.59
22-Apr-13,,,,6029.5
23-Apr-13,,,,6051.9
25-Apr-13,,,,6057.17
26-Apr-13,,,,6023.86
29-Apr-13,,,,6040.18
30-Apr-13,,,,6021.16
02-May-13,,,,6055.73
03-May-13,,,,6032.38
06-May-13,,,,6090.16
07-May-13,,,,6126.49
08-May-13,,,,6155.4
09-May-13,,,,6152.7
10-May-13,,,,6166.34
11-May-13,,,,6186.46
13-May-13,,,,6114.25
14-May-13,,,,6116.67
15-May-13,,,,6176.89
16-May-13,,,,6190.94
17-May-13,,,,6199.19
20-May-13,,,,6186.65
21-May-13,,,,6159.83
22-May-13,,,,6109.07
23-May-13,,,,5974.45
24-May-13,,,,5992.46
27-May-13,,,,6039.78
28-May-13,,,,6068.62
29-May-13,,,,6058.72
30-May-13,,,,6037.43
31-May-13,,,,5943.46
03-Jun-13,,,,5936.06
04-Jun-13,,,,5952.22
05-Jun-13,,,,5959.49
06-Jun-13,,,,5968.12
07-Jun-13,,,,5962.31
10-Jun-13,,,,5915.24
11-Jun-13,,,,5807.46
12-Jun-13,,,,5775.07
13-Jun-13,,,,5713.73
14-Jun-13,,,,5772.45
17-Jun-13,,,,5795.22
18-Jun-13,,,,5809.53
19-Jun-13,,,,5838.77
20-Jun-13,,,,5738.07
21-Jun-13,,,,5717.3
24-Jun-13,,,,5593.63
25-Jun-13,,,,5570.25
26-Jun-13,,,,5549.67
27-Jun-13,,,,5567.25
28-Jun-13,,,,5643.52
01-Jul-13,,,,5753.44
02-Jul-13,,,,5747.95
03-Jul-13,,,,5665.4
04-Jul-13,,,,5677.08
05-Jul-13,,,,5692.05
08-Jul-13,,,,5670.28
09-Jul-13,,,,5712.08
10-Jul-13,,,,5710.02
11-Jul-13,,,,5747.84
12-Jul-13,,,,5737.16
15-Jul-13,,,,5782.86
16-Jul-13,,,,5737.39
17-Jul-13,,,,5725.02
18-Jul-13,,,,5738.71
19-Jul-13,,,,5706.48
22-Jul-13,,,,5688.21
23-Jul-13,,,,5682.48
24-Jul-13,,,,5601.87
25-Jul-13,,,,5562.19
26-Jul-13,,,,5516.32
29-Jul-13,,,,5468.92
30-Jul-13,,,,5360.56
31-Jul-13,,,,5311.06
01-Aug-13,,,,5247.08
02-Aug-13,,,,5178.03
05-Aug-13,,,,5193.61
06-Aug-13,,,,5101.24
07-Aug-13,,,,5165.97
08-Aug-13,,,,5234.25
12-Aug-13,,,,5315.98
13-Aug-13,,,,5369.42
14-Aug-13,,,,5385.49
16-Aug-13,,,,5269.44
19-Aug-13,,,,5211.48
20-Aug-13,,,,5223.2
21-Aug-13,,,,5181.12
22-Aug-13,,,,5208.86
23-Aug-13,,,,5247.51
26-Aug-13,,,,5289.45
27-Aug-13,,,,5199.66
28-Aug-13,,,,5145.47
29-Aug-13,,,,5180.73
30-Aug-13,,,,5191.25
02-Sep-13,,,,5243.79
03-Sep-13,,,,5193.94
04-Sep-13,,,,5230.96
05-Sep-13,,,,5310.31
06-Sep-13,,,,5343.81
10-Sep-13,,,,5402.81
11-Sep-13,,,,5462.77
12-Sep-13,,,,5476.54
13-Sep-13,,,,5509.42
16-Sep-13,,,,5477.71
17-Sep-13,,,,5473.2
18-Sep-13,,,,5477.47
19-Sep-13,,,,5541.25
20-Sep-13,,,,5485.3
23-Sep-13,,,,5453.36
24-Sep-13,,,,5452.51
25-Sep-13,,,,5448.64
26-Sep-13,,,,5479.62
27-Sep-13,,,,5496.88
30-Sep-13,,,,5466.24
01-Oct-13,,,,5492.13
03-Oct-13,,,,5538.61
04-Oct-13,,,,5565.54
07-Oct-13,,,,5591.79
08-Oct-13,,,,5621.34
09-Oct-13,,,,5651.71
10-Oct-13,,,,5691.51
11-Oct-13,,,,5718.33
14-Oct-13,,,,5747.69
15-Oct-13,,,,5693.21
17-Oct-13,,,,5699.98
18-Oct-13,,,,5737.88
21-Oct-13,,,,5810.83
22-Oct-13,,,,5871.38
23-Oct-13,,,,5855.97
24-Oct-13,,,,5853.1
25-Oct-13,,,,5825.75
28-Oct-13,,,,5797.28
29-Oct-13,,,,5827.47
30-Oct-13,,,,5864.79
31-Oct-13,,,,5896.11
01-Nov-13,,,,5939.6
03-Nov-13,,,,6020.79
05-Nov-13,,,,6053.56
06-Nov-13,,,,6099.74
07-Nov-13,,,,6030.12
08-Nov-13,,,,6013.09
11-Nov-13,,,,5976.24
12-Nov-13,,,,5930.58
13-Nov-13,,,,5891.97
14-Nov-13,,,,5956.17
18-Nov-13,,,,6013.3
19-Nov-13,,,,6032.67
20-Nov-13,,,,6046.34
21-Nov-13,,,,5991.2
22-Nov-13,,,,5994.11
25-Nov-13,,,,6052.45
26-Nov-13,,,,6002.22
27-Nov-13,,,,5993.87
28-Nov-13,,,,6048.96
29-Nov-13,,,,6099.52
02-Dec-13,,,,6166.16
03-Dec-13,,,,6182.81
04-Dec-13,,,,6178.86
05-Dec-13,,,,6203
06-Dec-13,,,,6225.77
09-Dec-13,,,,6250.03
10-Dec-13,,,,6205.11
11-Dec-13,,,,6209.86
12-Dec-13,,,,6189.9
13-Dec-13,,,,6131.12
16-Dec-13,,,,6152.91
17-Dec-13,,,,6150.65
18-Dec-13,,,,6220.03
19-Dec-13,,,,6212.29
20-Dec-13,,,,6291.96
23-Dec-13,,,,6367.46
24-Dec-13,,,,6433.61
26-Dec-13,,,,6507.67
27-Dec-13,,,,6516.08
30-Dec-13,,,,6530.2
31-Dec-13,,,,6551.13
01-Jan-14,,,,6649.16
02-Jan-14,,,,6514.24
03-Jan-14,,,,6553
06-Jan-14,,,,6615.03
07-Jan-14,,,,6639.11
08-Jan-14,,,,6658.46
09-Jan-14,,,,6611.03
10-Jan-14,,,,6569.79
13-Jan-14,,,,6594.32
14-Jan-14,,,,6581.22
15-Jan-14,,,,6600.88
16-Jan-14,,,,6583.95
17-Jan-14,,,,6476.76
20-Jan-14,,,,6527.77
21-Jan-14,,,,6553.01
22-Jan-14,,,,6571.11
23-Jan-14,,,,6563.03
24-Jan-14,,,,6444.46
27-Jan-14,,,,6274.4
28-Jan-14,,,,6290.13
29-Jan-14,,,,6273.95
30-Jan-14,,,,6181.8
31-Jan-14,,,,6263.35
03-Feb-14,,,,6233.74
04-Feb-14,,,,6245.72
05-Feb-14,,,,6305.42
06-Feb-14,,,,6309.01
07-Feb-14,,,,6328.76
10-Feb-14,,,,6339.88
11-Feb-14,,,,6346.53
12-Feb-14,,,,6349.09
13-Feb-14,,,,6282.49
14-Feb-14,,,,6279.69
17-Feb-14,,,,6280.6
18-Feb-14,,,,6330.72
19-Feb-14,,,,6372.2
20-Feb-14,,,,6361.85
21-Feb-14,,,,6393.33
24-Feb-14,,,,6415.63
25-Feb-14,,,,6421.7
26-Feb-14,,,,6436.27
28-Feb-14,,,,6445.04
03-Mar-14,,,,6449.16
04-Mar-14,,,,6515.79
05-Mar-14,,,,6546.44
06-Mar-14,,,,6626.46
07-Mar-14,,,,6612.45
10-Mar-14,,,,6663.1
11-Mar-14,,,,6664.69
12-Mar-14,,,,6665.13
13-Mar-14,,,,6650.19
14-Mar-14,,,,6627.68
18-Mar-14,,,,6691.68
19-Mar-14,,,,6722.35
20-Mar-14,,,,6726.67
21-Mar-14,,,,6785.11
22-Mar-14,,,,6831.99
24-Mar-14,,,,6841.91
25-Mar-14,,,,6853.11
26-Mar-14,,,,6848.39
27-Mar-14,,,,6916.5
28-Mar-14,,,,6999.06
31-Mar-14,,,,7071.96
01-Apr-14,,,,7106.72
02-Apr-14,,,,7220.36
03-Apr-14,,,,7207.45
04-Apr-14,,,,7265.05
07-Apr-14,,,,7281.07
09-Apr-14,,,,7427.35
10-Apr-14,,,,7473.88
11-Apr-14,,,,7523.18
15-Apr-14,,,,7501.5
16-Apr-14,,,,7418.22
17-Apr-14,,,,7524.01
21-Apr-14,,,,7627.97
22-Apr-14,,,,7629.1
23-Apr-14,,,,7646.1
25-Apr-14,,,,7597.34
28-Apr-14,,,,7617.28
29-Apr-14,,,,7615.66
30-Apr-14,,,,7489.87
02-May-14,,,,7532.81
05-May-14,,,,7498.09
06-May-14,,,,7532.83
07-May-14,,,,7526.99
08-May-14,,,,7539.64
09-May-14,,,,7593.68
12-May-14,,,,7632.29
13-May-14,,,,7762.92
14-May-14,,,,7859.03
15-May-14,,,,7791.12
16-May-14,,,,7885.76
19-May-14,,,,8344.7
20-May-14,,,,8600.33
21-May-14,,,,8758.28
22-May-14,,,,8960.7
23-May-14,,,,9128.04
26-May-14,,,,8923.65
27-May-14,,,,8883.65
28-May-14,,,,9028.82
29-May-14,,,,8985.37
30-May-14,,,,9015.73
02-Jun-14,,,,9196.92
03-Jun-14,,,,9305.87
04-Jun-14,,,,9488.71
05-Jun-14,,,,9623.92
06-Jun-14,,,,9774.04
09-Jun-14,,,,9991.05
10-Jun-14,,,,10017.44
11-Jun-14,,,,9950.03
12-Jun-14,,,,9985.48
13-Jun-14,,,,9674.58
16-Jun-14,,,,9704.39
17-Jun-14,,,,9901.56
18-Jun-14,,,,9873.64
19-Jun-14,,,,9842.98
20-Jun-14,,,,9761.22
23-Jun-14,,,,9816.35
24-Jun-14,,,,9977.71
25-Jun-14,,,,10012.79
26-Jun-14,,,,9981.38
27-Jun-14,,,,10022.29
30-Jun-14,,,,10203.19
01-Jul-14,,,,10321.63
02-Jul-14,,,,10434.18
03-Jul-14,,,,10419.38
04-Jul-14,,,,10508.03
07-Jul-14,,,,10570.78
08-Jul-14,,,,10128.01
09-Jul-14,,,,9944.15
10-Jul-14,,,,10019.97
11-Jul-14,,,,9688.11
14-Jul-14,,,,9642.46
15-Jul-14,,,,9856
16-Jul-14,,,,10057.37
17-Jul-14,,,,10193.12
18-Jul-14,,,,10180.84
21-Jul-14,,,,10269.59
22-Jul-14,,,,10268.76
23-Jul-14,,,,10204.18
24-Jul-14,,,,10229.33
25-Jul-14,,,,10037.17
28-Jul-14,,,,9966.64
30-Jul-14,,,,9964.93
31-Jul-14,,,,9989.42
01-Aug-14,,,,9890.97
04-Aug-14,,,,9999.75
05-Aug-14,,,,10111.27
06-Aug-14,,,,10096.28
07-Aug-14,,,,10043.21
08-Aug-14,,,,9828.3
11-Aug-14,,,,9902.67
12-Aug-14,,,,9947.06
13-Aug-14,,,,9711.31
14-Aug-14,,,,9824.06
18-Aug-14,,,,10047.47
19-Aug-14,,,,10168.8
20-Aug-14,,,,10263.51
21-Aug-14,,,,10298.5
22-Aug-14,,,,10298.52
25-Aug-14,,,,10255.38
26-Aug-14,,,,10173.38
27-Aug-14,,,,10253.87
28-Aug-14,,,,10264.45
01-Sep-14,,,,10397.59
02-Sep-14,,,,10492.42
03-Sep-14,,,,10533.72
04-Sep-14,,,,10495.46
05-Sep-14,,,,10627.07
08-Sep-14,,,,10851.83
09-Sep-14,,,,10885.98
10-Sep-14,,,,10951.03
11-Sep-14,,,,11110.92
12-Sep-14,,,,11166.79
15-Sep-14,,,,11245.52
16-Sep-14,,,,10796.31
17-Sep-14,,,,10829.84
18-Sep-14,,,,11121.16
19-Sep-14,,,,11191.18
22-Sep-14,,,,11248.69
23-Sep-14,,,,10969.3
24-Sep-14,,,,10791.44
25-Sep-14,,,,10444.79
26-Sep-14,,,,10510.99
29-Sep-14,,,,10667.67
30-Sep-14,,,,10681.46
01-Oct-14,,,,10641.82
07-Oct-14,,,,10557.96
08-Oct-14,,,,10564.14
09-Oct-14,,,,10731.69
10-Oct-14,,,,10611
13-Oct-14,,,,10646.47
14-Oct-14,,,,10631.25
16-Oct-14,,,,10343.09
17-Oct-14,,,,10313.97
20-Oct-14,,,,10363.45
21-Oct-14,,,,10382.72
22-Oct-14,,,,10504.15
23-Oct-14,,,,10662.65
27-Oct-14,,,,10642.69
28-Oct-14,,,,10724.06
29-Oct-14,,,,10790.46
30-Oct-14,,,,10827.46
31-Oct-14,,,,10930.95
03-Nov-14,,,,11077.12
05-Nov-14,,,,11160.98
07-Nov-14,,,,11117.17
10-Nov-14,,,,11134.81
11-Nov-14,,,,11161.95
12-Nov-14,,,,11184.35
13-Nov-14,,,,11159.54
14-Nov-14,,,,11217.39
17-Nov-14,,,,11337.96
18-Nov-14,,,,11443.16
19-Nov-14,,,,11368.55
20-Nov-14,,,,11336.73
21-Nov-14,,,,11325.84
24-Nov-14,,,,11318.83
25-Nov-14,,,,11055.96
26-Nov-14,,,,11180.24
27-Nov-14,,,,11241.65
28-Nov-14,,,,11270.79
01-Dec-14,,,,11189.7
02-Dec-14,,,,11251.21
03-Dec-14,,,,11435.88
04-Dec-14,,,,11471.25
05-Dec-14,,,,11474.69
08-Dec-14,,,,11374.63
09-Dec-14,,,,11194.12
10-Dec-14,,,,11312.54
11-Dec-14,,,,11236.53
12-Dec-14,,,,11068.48
15-Dec-14,,,,10997.91
16-Dec-14,,,,10628.62
17-Dec-14,,,,10516.12
18-Dec-14,,,,10860.76
19-Dec-14,,,,10922.21
22-Dec-14,,,,10960.24
23-Dec-14,,,,10890.44
24-Dec-14,,,,10892.93
26-Dec-14,,,,10894.89
29-Dec-14,,,,10952.38
30-Dec-14,,,,10971.1
31-Dec-14,,,,11087.07
01-Jan-15,,,,11225.22
02-Jan-15,,,,11308.15
05-Jan-15,,,,11320.21
06-Jan-15,,,,10986.22
07-Jan-15,,,,10988.99
08-Jan-15,,,,11185.88
09-Jan-15,,,,11198.34
12-Jan-15,,,,11291.5
13-Jan-15,,,,11251.51
14-Jan-15,,,,11201.08
15-Jan-15,,,,11314.1
16-Jan-15,,,,11309.93
19-Jan-15,,,,11399.86
20-Jan-15,,,,11446.27
21-Jan-15,,,,11422.88
22-Jan-15,,,,11449.5
23-Jan-15,,,,11366.09
27-Jan-15,,,,11424.48
28-Jan-15,,,,11369.11
29-Jan-15,,,,11378.75
30-Jan-15,,,,11329.26
02-Feb-15,,,,11456.84
03-Feb-15,,,,11426.78
04-Feb-15,,,,11432.4
05-Feb-15,,,,11283.14
06-Feb-15,,,,11077.34
09-Feb-15,,,,10911.54
10-Feb-15,,,,10899.01
11-Feb-15,,,,11059.39
12-Feb-15,,,,11200.15
13-Feb-15,,,,11239.28
16-Feb-15,,,,11246.45
18-Feb-15,,,,11363.92
19-Feb-15,,,,11374.76
20-Feb-15,,,,11426.24
23-Feb-15,,,,11389.48
24-Feb-15,,,,11300.11
25-Feb-15,,,,11254.82
26-Feb-15,,,,11163.76
27-Feb-15,,,,11319.56
28-Feb-15,,,,11266.44
02-Mar-15,,,,11370.8
03-Mar-15,,,,11528.89
04-Mar-15,,,,11381.65
05-Mar-15,,,,11456.85
09-Mar-15,,,,11351.94
10-Mar-15,,,,11319.62
11-Mar-15,,,,11283.78
12-Mar-15,,,,11385.31
13-Mar-15,,,,11209.56
16-Mar-15,,,,11111.82
17-Mar-15,,,,11134.41
18-Mar-15,,,,11162.17
19-Mar-15,,,,11097.78
20-Mar-15,,,,10859.75
23-Mar-15,,,,10720.03
24-Mar-15,,,,10650.93
25-Mar-15,,,,10579.96
26-Mar-15,,,,10474.56
27-Mar-15,,,,10440.69
30-Mar-15,,,,10795.4
31-Mar-15,,,,10890.45
01-Apr-15,10913.15,11157.39,10912.37,11146.72
06-Apr-15,11198.28,11302.42,11198.1,11299.3
07-Apr-15,11325.11,11440.34,11311.78,11431.08
08-Apr-15,11468.16,11643.85,11467.62,11635.38
09-Apr-15,11670.67,11736.83,11647.77,11717.48
10-Apr-15,11729.34,11851.97,11718.52,11846.33
13-Apr-15,11897.07,12002.18,11896.88,11942.03
15-Apr-15,,,,11901.39
16-Apr-15,11922.35,11942.76,11733.58,11792.74
17-Apr-15,11810.93,11821.86,11607.62,11622.23
20-Apr-15,11645.1,11654.25,11307.68,11369.59
21-Apr-15,11384.04,11411.71,11308.21,11332.89
22-Apr-15,11349.25,11422.98,11210.89,11328.51
23-Apr-15,11354.2,11436.08,11295.71,11309.9
24-Apr-15,11325.67,11331.84,10991.55,11008.62
27-Apr-15,11016.33,11025.95,10663.3,10694.81
28-Apr-15,10688.39,10853.79,10621.33,10840.87
29-Apr-15,10874.4,10974.9,10856.46,10960.52
30-Apr-15,10961.33,10964.63,10876.85,10944.03
04-May-15,10997.3,11180.12,10996.55,11169.65
05-May-15,11189.05,11243.93,11160.09,11178.17
06-May-15,11186.84,11186.84,10813.86,10829.79
07-May-15,10836.1,10837.34,10598.29,10647.99
08-May-15,10701.38,10857.15,10701.03,10829.06
11-May-15,10876.45,10977.84,10876.45,10967.62
12-May-15,10978.75,10984.19,10772.84,10778.7
13-May-15,10820.44,10914.23,10787,10872.85
14-May-15,10892.7,10976.52,10826.7,10972.34
15-May-15,10998.01,11085.89,10997.25,11040.79
18-May-15,11061.98,11153.2,11059.95,11147.92
19-May-15,11158.45,11251.09,11150.74,11187.73
20-May-15,11211.79,11281.99,11199.61,11206.85
21-May-15,11230.29,11247.65,11153.96,11200.86
22-May-15,11204.9,11271.78,11199.83,11207.66
25-May-15,11228.8,11242.2,11176.55,11183.38
26-May-15,11189.73,11206.44,11142.32,11165.65
27-May-15,11141.09,11169.4,11095.66,11162.41
28-May-15,11172.06,11205.94,11104.65,11145.04
29-May-15,11162.44,11293.79,11161.85,11280.57
01-Jun-15,11290.75,11317.26,11272.03,11279.78
02-Jun-15,11282.82,11292,11036.76,11047.18
03-Jun-15,11068.11,11069.23,10648.19,10828.18
04-Jun-15,10852.03,10886.78,10741.05,10823.73
05-Jun-15,10824.86,10923.47,10798.64,10851.5
08-Jun-15,10864.02,10881.76,10687.63,10697.56
09-Jun-15,10693.66,10718,10638.61,10661.85
10-Jun-15,10680.62,10804.87,10677.5,10779.75
11-Jun-15,10808.78,10864.41,10606.55,10612.18
12-Jun-15,10604.63,10605.36,10522.8,10573.78
15-Jun-15,10585.64,10666.33,10581.48,10618.4
16-Jun-15,10624.53,10661.43,10559.67,10654.9
17-Jun-15,10680.38,10825.23,10680.35,10796.55
18-Jun-15,10810.89,10927.48,10809.91,10911.7
19-Jun-15,10933.9,10991.86,10923.66,10942.79
22-Jun-15,10967.11,11103.85,10966.89,11095.5
23-Jun-15,11118.76,11183.41,11103.78,11144.97
24-Jun-15,11159.02,11205.66,11055.19,11083.65
25-Jun-15,11085.49,11119.42,11072.27,11109.3
26-Jun-15,11129.44,11157.34,11073.73,11124.49
29-Jun-15,11035.51,11035.51,10819.15,10958.56
30-Jun-15,10959.8,11084.72,10959.5,11075.35
01-Jul-15,11091,11263.4,11089.37,11235.68
02-Jul-15,11276.83,11355.3,11276.83,11299.99
03-Jul-15,11317.58,11392.66,11291,11303.58
06-Jul-15,11255.75,11433.74,11182.19,11426.99
07-Jul-15,11455.59,11549.5,11447.37,11498.32
08-Jul-15,11460.4,11510.71,11304.62,11351.27
09-Jul-15,11368.88,11427.8,11303.78,11313.98
10-Jul-15,11346.62,11407.49,11314.76,11335.94
13-Jul-15,11363.61,11483.48,11362.81,11480.12
14-Jul-15,11509.41,11569.41,11508.43,11521.92
15-Jul-15,11541.23,11621.7,11540.31,11578.69
16-Jul-15,11595.1,11678.21,11594.9,11665.43
17-Jul-15,11703.98,11745.62,11686.86,11716.37
20-Jul-15,11722.65,11775.19,11705.6,11763.34
21-Jul-15,11770.73,11798.01,11567.34,11576.82
22-Jul-15,11582.84,11680.68,11571.54,11676.16
23-Jul-15,11703.17,11792.08,11700.53,11736.13
24-Jul-15,11740.89,11784.06,11653.82,11668.12
27-Jul-15,11670.03,11675.75,11530.18,11543.11
28-Jul-15,11581.45,11617.67,11511.03,11522.93
29-Jul-15,11550.44,11629.78,11548.95,11619.02
30-Jul-15,11645.25,11743.01,11644.91,11723.88
31-Jul-15,11752.5,11851.41,11749.53,11830.8
03-Aug-15,11861.4,11974.88,11859.58,11941.2
04-Aug-15,11958.3,12026.06,11921.24,12021.14
05-Aug-15,12051.47,12203.64,12051.4,12136.01
06-Aug-15,12163.15,12197.66,12107.53,12121.68
07-Aug-15,12127.65,12188.93,12095.66,12104.47
10-Aug-15,12120.58,12192.82,12021.32,12054.99
11-Aug-15,12080.09,12104.72,11885.42,11919.04
12-Aug-15,11921.31,11921.31,11649.89,11664.73
13-Aug-15,11680.62,11817.99,11543.21,11567.64
14-Aug-15,11591.86,11774.55,11591.02,11766.78
17-Aug-15,11778.62,11812.93,11674.94,11791.61
18-Aug-15,11808.19,11927.57,11808.11,11891.91
19-Aug-15,11903.84,11973.3,11871.66,11920.69
20-Aug-15,11924.56,11924.56,11673.04,11680.81
21-Aug-15,11610.88,11615.78,11432.38,11610.44
24-Aug-15,11383.17,11383.2,10564.13,10587.9
25-Aug-15,10546.38,10819.15,10178.98,10694.67
26-Aug-15,10702.47,10825.3,10558.67,10711.73
27-Aug-15,10782.2,10997.21,10782.2,10985.54
28-Aug-15,11040.61,11179.4,10949.25,10992.82
31-Aug-15,10998.35,11047.93,10935.12,10971.27
01-Sep-15,10942.52,10948.87,10664.38,10733.38
02-Sep-15,10766.98,10843.02,10737.94,10749.63
03-Sep-15,10779.66,10909.18,10779.6,10873.55
04-Sep-15,10880.78,10881.38,10545.65,10605.24
07-Sep-15,10619.37,10662.89,10410.99,10418.63
08-Sep-15,10432.12,10518.91,10269.93,10481.66
09-Sep-15,10542.78,10710.24,10542.73,10674.77
10-Sep-15,10619.18,10645.22,10458.57,10631.62
11-Sep-15,10662.37,10775.05,10662.37,10698.61
14-Sep-15,10715.47,10798.25,10715.47,10792.91
15-Sep-15,10810.35,10848.18,10720.39,10733.14
16-Sep-15,10758.3,10807.12,10673.15,10685.6
18-Sep-15,10706.83,10856.23,10706.83,10804.06
21-Sep-15,10798.43,10940.46,10761.18,10935.3
22-Sep-15,10952.21,11032.73,10778.32,10802.87
23-Sep-15,10769.6,10889.45,10721.27,10879.56
24-Sep-15,10890.46,10978.13,10888.72,10942.14
28-Sep-15,10964.7,11038.02,10913.14,10916.07
29-Sep-15,10887.24,10950.5,10774.67,10903.71
30-Sep-15,10927.95,11028.04,10927.73,11020.83
01-Oct-15,11054.6,11117.93,11029.68,11042.6
05-Oct-15,11070.95,11228.17,11070.95,11221.53
06-Oct-15,11250.56,11319.83,11250.51,11298.73
07-Oct-15,11314.73,11394.01,11310.49,11344.11
08-Oct-15,11361.63,11378.25,11278.64,11327.17
09-Oct-15,11370.51,11448.66,11323.95,11348.58
12-Oct-15,11376.69,11405.16,11324.95,11349.57
13-Oct-15,11357.19,11405.99,11342.63,11395.89
14-Oct-15,11401.65,11467.76,11393.4,11435.88
15-Oct-15,11463.56,11518.47,11463.47,11490.44
16-Oct-15,11519.1,11531.19,11474.36,11495.7
19-Oct-15,11512.56,11588.42,11512.49,11584.73
20-Oct-15,11611.24,11673.26,11562.72,11605.88
21-Oct-15,11604.55,11647.32,11517.24,11562.43
23-Oct-15,11596.61,11648.22,11509.77,11519.28
26-Oct-15,11547.03,11565.85,11431.02,11436.88
27-Oct-15,11435.81,11462.77,11415,11453.88
28-Oct-15,11457.83,11513.72,11416.46,11452.57
29-Oct-15,11459.45,11503.01,11396.72,11403.93
30-Oct-15,11416.75,11441.73,11284.96,11315.39
02-Nov-15,11328.51,11340.98,11218.15,11292.2
03-Nov-15,11322.11,11386.7,11320.4,11336.29
04-Nov-15,11376.97,11397.98,11290.8,11298.88
05-Nov-15,11299.91,11303.3,11107.43,11119.36
06-Nov-15,11130.57,11164.34,11045.01,11052.33
09-Nov-15,10948.06,11151.71,10822.82,11138.36
10-Nov-15,11140.71,11202.93,11033.95,11047.71
11-Nov-15,11105.98,11219.66,11104.96,11211.18
13-Nov-15,11198.34,11199.18,11085.56,11125.44
16-Nov-15,11130.61,11198.08,11089.93,11181.44
17-Nov-15,11210.43,11261.93,11201.41,11233.45
18-Nov-15,11241.72,11285.29,11142.39,11153.95
19-Nov-15,11185.43,11309.34,11185.13,11299.34
20-Nov-15,11308.12,11418.8,11306.97,11367.71
23-Nov-15,11389.4,11458.32,11389.4,11419.59
24-Nov-15,11433.78,11480.56,11430.13,11457.54
26-Nov-15,11475.49,11534.13,11475.39,11508.83
27-Nov-15,11529.96,11591.86,11507.86,11545.84
30-Nov-15,11561.98,11656.47,11561.98,11636.49
01-Dec-15,11656.2,11712.79,11656.2,11689.46
02-Dec-15,11706.59,11738.6,11650.53,11690.45
03-Dec-15,11694.83,11701.65,11621.71,11632.43
04-Dec-15,11615.07,11624.38,11551.72,11557.52
07-Dec-15,11598.22,11653.38,11572.36,11575.66
08-Dec-15,11574.41,11606.05,11403.89,11421.65
09-Dec-15,11428.85,11432.8,11142.6,11166.12
10-Dec-15,11187.09,11314.87,11170.67,11304.26
11-Dec-15,11320.33,11361.57,11167.44,11213.18
14-Dec-15,11211.49,11283.71,11172.65,11257.8
15-Dec-15,11272.42,11344.79,11268.94,11335.84
16-Dec-15,11360.06,11438.22,11353.81,11363.4
17-Dec-15,11399.92,11570.53,11399.92,11559.19
18-Dec-15,11564.28,11594.28,11518.32,11531.86
21-Dec-15,11541.81,11632.15,11535.09,11625.95
22-Dec-15,11645.19,11702.3,11606.94,11623.3
23-Dec-15,11643.81,11725.58,11643.81,11673.27
24-Dec-15,11699.7,11738.25,11695.16,11730.59
28-Dec-15,11768.63,11816.2,11768.46,11785.42
29-Dec-15,11801.67,11831.66,11736.95,11769.97
30-Dec-15,11781.53,11825.52,11772.55,11778.54
31-Dec-15,11791.43,11845.44,11790.78,11836.71
01-Jan-16,11845.46,11948.52,11844.87,11940.75
04-Jan-16,11958.54,12008.85,11767.66,11807.82
05-Jan-16,11829.88,11919.79,11807.46,11900.79
06-Jan-16,11925.2,11981.16,11838.9,11850.34
07-Jan-16,11801.59,11801.59,11496.63,11509.68
08-Jan-16,11544.78,11688.96,11544.77,11651.97
11-Jan-16,11614.23,11647.7,11483.01,11596.84
12-Jan-16,11610.1,11664.92,11470.82,11476.93
13-Jan-16,11516.04,11590.92,10990.41,11274.59
14-Jan-16,11210.51,11248.37,11020.39,11131.38
15-Jan-16,11159.1,11233.65,10768.1,10782.88
18-Jan-16,10778.09,10778.25,10331.07,10345.81
19-Jan-16,10369.63,10541.07,10336.07,10525.92
20-Jan-16,10480.89,10484.65,10186.93,10311.17
21-Jan-16,10351.28,10504.03,10294,10365.52
22-Jan-16,10402.9,10607.77,10402.85,10598.38
25-Jan-16,10657.33,10770.76,10656.96,10697.91
27-Jan-16,10738.07,10790.03,10702.99,10758.95
28-Jan-16,10766.42,10789.05,10745.85,10754.52
29-Jan-16,10766.14,10877.47,10747.32,10869.84
01-Feb-16,10915.75,10984.18,10889.34,10901.41
02-Feb-16,10912.93,10948.76,10746.39,10764.74
03-Feb-16,10717.47,10719.17,10513.27,10522.01
04-Feb-16,10558.36,10629.66,10407.28,10442.69
05-Feb-16,10454.9,10590.74,10439.46,10569.53
08-Feb-16,10594.61,10681.05,10557.22,10567.14
09-Feb-16,10542.96,10542.96,10399.69,10425.69
10-Feb-16,10421.21,10422.43,10225.65,10277.71
11-Feb-16,10278.42,10278.79,9768.98,9801.26
12-Feb-16,9812.17,9833.98,9400.37,9682.55
15-Feb-16,9743.79,10043.33,9743.79,10006.99
16-Feb-16,10038.75,10078.19,9777.15,9782.18
17-Feb-16,9795.33,9827.86,9576.94,9803.14
18-Feb-16,9840.63,9966.96,9806.16,9860.79
19-Feb-16,9867.38,9892.14,9834.35,9876.53
22-Feb-16,9897.81,9947.19,9897.81,9921.69
23-Feb-16,9934.15,9938.46,9775.47,9798.14
24-Feb-16,9789.4,9790.74,9675.37,9685.86
25-Feb-16,9697.62,9711.61,9593.94,9598.11
26-Feb-16,9627.8,9671.95,9517.67,9555.23
29-Feb-16,9567.63,9594.03,9399.43,9548.33
01-Mar-16,9558.52,9870.99,9557.56,9856.56
02-Mar-16,9904.86,10114.34,9904.85,10073.97
03-Mar-16,10103.75,10211.41,10103.75,10209.66
04-Mar-16,10217.47,10305.6,10184.79,10285.75
08-Mar-16,10298.05,10380.3,10261.76,10309.98
09-Mar-16,10297.28,10317.21,10234.78,10314.04
10-Mar-16,10338.72,10386.86,10274.21,10294.96
11-Mar-16,10297.44,10360.56,10249.05,10277.99
14-Mar-16,10309.05,10375.28,10299.5,10320.56
15-Mar-16,10335.24,10351,10242.05,10256.5
16-Mar-16,10266.62,10286.18,10148.48,10239.25
17-Mar-16,10269.73,10339.62,10227.52,10245.98
18-Mar-16,10262.6,10317.08,10235.09,10308.76
21-Mar-16,10325.66,10453.87,10325.66,10448.48
22-Mar-16,10471.32,10507.86,10413.77,10477.04
23-Mar-16,10484.02,10527.03,10482.73,10501.8
28-Mar-16,10510.51,10528.07,10315.88,10328.46
29-Mar-16,10335.95,10362.2,10251.98,10300.92
30-Mar-16,10332.75,10497.31,10332.59,10493.25
31-Mar-16,10512.54,10554.51,10501.69,10541.68
01-Apr-16,10551.97,10644.99,10537.94,10639.84
04-Apr-16,10667.5,10706.52,10645.97,10695.3
05-Apr-16,10693.32,10693.32,10534.27,10545.67
06-Apr-16,10553.89,10649.81,10550.96,10641.71
07-Apr-16,10659.28,10678.3,10587.02,10597.42
08-Apr-16,10594.19,10667.06,10584.73,10664.46
11-Apr-16,10682.56,10739.42,10665.94,10731.95
12-Apr-16,10746.42,10840.36,10744.99,10828.24
13-Apr-16,10871.55,10982.49,10871.13,10943.02
18-Apr-16,10966.12,11067.32,10939.82,11064.19
20-Apr-16,11088.95,11164.98,11080.81,11134.48
21-Apr-16,11160.47,11212.69,11065.88,11076.85
22-Apr-16,11080.43,11112.29,11057.93,11078.84
25-Apr-16,11096.28,11107.71,11021.96,11035.6
26-Apr-16,11031.53,11117.26,11010.81,11111.11
27-Apr-16,11123,11180.52,11121.4,11142.41
28-Apr-16,11154.35,11184.34,11013.36,11025.93
29-Apr-16,11033.21,11080.88,10928.76,11020.59
02-May-16,11022.93,11068.99,10989.67,11063.86
03-May-16,11087.85,11174.43,11019.39,11032.53
04-May-16,11028.88,11041.53,10913.08,10924.46
05-May-16,10932.86,10978.14,10909.47,10920.66
06-May-16,10918.71,10935.51,10884.89,10899.31
09-May-16,10920.3,11036.65,10917.2,11030.13
10-May-16,11038.41,11069.18,11035.86,11042.02
11-May-16,11002.15,11079,10932.31,11038.37
12-May-16,11054.68,11147.09,11054.18,11140.7
13-May-16,11142.83,11175.99,11099,11113.3
16-May-16,11131.41,11150.81,11073.01,11123.58
17-May-16,11138.62,11184.56,11131.94,11144.56
18-May-16,11145.22,11176.23,11126.43,11168.8
19-May-16,11177.67,11230.86,11042.38,11055.81
20-May-16,11068.43,11091.11,10953.22,10964.26
23-May-16,10994.18,11031.78,10917.63,10922.41
24-May-16,10934.47,10935.13,10825.84,10851.66
25-May-16,10886.42,10960.09,10885.78,10953.83
26-May-16,10975.6,11052.38,10972.3,11048.11
27-May-16,11065.71,11144.94,11065.56,11110.96
30-May-16,11139.81,11190.54,11124.8,11157.59
31-May-16,11176.37,11184.28,11092.8,11142.42
01-Jun-16,11159.46,11228.61,11153.49,11162.99
02-Jun-16,11172.69,11205.16,11128.72,11195.66
03-Jun-16,11216.1,11262.52,11140.33,11148.71
06-Jun-16,11171.01,11192.31,11156.18,11172.92
07-Jun-16,11191.59,11298.91,11191.42,11280.67
08-Jun-16,11290.88,11384.14,11290.12,11381.03
09-Jun-16,11398.11,11435.9,11357.58,11385.07
10-Jun-16,11388.69,11476.15,11356.54,11362.72
13-Jun-16,11336.96,11337.01,11242.88,11311.76
14-Jun-16,11328.11,11406.98,11327.47,11372.61
15-Jun-16,11399.15,11480.22,11399.15,11464.13
16-Jun-16,11473.96,11478.52,11333.11,11401.64
17-Jun-16,11428.88,11490.93,11398.58,11435.16
20-Jun-16,11407.28,11491.31,11372.78,11477.85
21-Jun-16,11496.65,11535.25,11486.75,11519.53
22-Jun-16,11531.7,11565.51,11438.19,11450.59
23-Jun-16,11458.59,11475.72,11405.93,11446.26
24-Jun-16,11307.74,11307.74,10969.61,11278.63
27-Jun-16,11282.58,11465.68,11279.43,11449.75
28-Jun-16,11468.35,11559.5,11468.35,11540.15
29-Jun-16,11565.42,11701.53,11565.39,11691.57
30-Jun-16,11724.96,11813.87,11724.96,11801.32
01-Jul-16,11823.94,11908.77,11821.31,11885.43
04-Jul-16,11919.5,12031.4,11919.24,12005.84
05-Jul-16,12012.5,12049.79,11963.31,11992.51
07-Jul-16,12010.07,12069.66,11985.78,11997.28
08-Jul-16,12022.03,12034.68,11929.63,11976.74
11-Jul-16,12019.08,12119.57,12018.93,12071.35
12-Jul-16,12097.17,12122.56,12042.91,12080.86
13-Jul-16,12095.74,12120.27,11971.75,11981.3
14-Jul-16,11982.83,12076.33,11981.77,12068.57
15-Jul-16,12083.53,12107.99,11970.72,11979.69
18-Jul-16,11997.6,12071.38,11915.29,11922.35
19-Jul-16,11928.85,11947.57,11867.55,11909.59
20-Jul-16,11917.73,12029.99,11914.66,12027.46
21-Jul-16,12052.48,12106.81,12004.63,12010.36
22-Jul-16,12022.69,12119.15,12013.67,12107.31
25-Jul-16,12136.16,12236.62,12132.5,12234.49
26-Jul-16,12259.96,12298.09,12134.26,12149.74
27-Jul-16,12161.14,12257.53,12158.49,12208.8
28-Jul-16,12241.26,12328.88,12239.58,12281.68
29-Jul-16,12297.69,12370.86,12295.21,12309.95
01-Aug-16,12355.32,12423.35,12255.57,12321.74
02-Aug-16,12335.56,12375.93,12208.52,12219.79
03-Aug-16,12228.35,12237.8,12061.03,12080.49
04-Aug-16,12128.87,12169.52,12069.98,12127.78
05-Aug-16,12163.81,12315.06,12163.34,12306.59
08-Aug-16,12355.38,12406.09,12351.97,12393.81
09-Aug-16,12408.66,12416.91,12308.08,12338.22
10-Aug-16,12353.07,12385.97,12180.78,12192.06
11-Aug-16,12206.27,12247.84,12121.17,12189.23
12-Aug-16,12202.09,12278.83,12195.26,12214.23
16-Aug-16,12230.1,12240.86,12174.3,12212.88
17-Aug-16,12224.08,12307.51,12220.92,12280.2
18-Aug-16,12300.47,12413.92,12300.25,12403.69
19-Aug-16,12421.75,12486,12421.56,12459.46
22-Aug-16,12485.26,12509.04,12425.25,12442.47
23-Aug-16,12442.59,12482.54,12400.2,12433.78
24-Aug-16,12444.33,12531.42,12444.23,12515.13
25-Aug-16,12541.89,12593.17,12485.09,12501.7
26-Aug-16,12518.41,12566.23,12475.28,12487.12
29-Aug-16,12504.88,12513.84,12444.35,12498.81
30-Aug-16,12523.87,12637.08,12523.71,12626.09
31-Aug-16,12642.54,12698.47,12637.59,12648.79
01-Sep-16,12664.95,12689.53,12582.41,12598.98
02-Sep-16,12615.76,12672.67,12615.52,12644.06
06-Sep-16,12678.41,12773.32,12677.22,12764.34
07-Sep-16,12791.96,12853.33,12780.62,12816.46
08-Sep-16,12838.31,12926.93,12837.54,12922.41
09-Sep-16,12934.01,12947.29,12843.52,12861.39
12-Sep-16,12737.78,12737.78,12551.93,12559.7
14-Sep-16,12566.84,12718.42,12560.69,12711.56
15-Sep-16,12731.6,12799.77,12730.74,12745.83
16-Sep-16,12779.72,12887.2,12710.29,12764.87
19-Sep-16,12794.56,12856.48,12793.48,12831.06
20-Sep-16,12846.42,12866.74,12783.03,12797.66
21-Sep-16,12817.93,12903.04,12812.15,12821.36
22-Sep-16,12893.49,12972.04,12893.37,12948.98
23-Sep-16,12972.28,13043.23,12948.71,12958.9
26-Sep-16,12964.43,12989.14,12873.63,12887.38
27-Sep-16,12912.68,12993.87,12888.48,12904.32
28-Sep-16,12917.69,13047.23,12916.45,13039.04
29-Sep-16,13074.28,13154.81,12423.13,12514.5
30-Sep-16,12526.41,12795.63,12511.33,12780.8
03-Oct-16,12829.72,13128.85,12829.64,13122.21
04-Oct-16,13153.83,13221.76,13147.54,13208.73
05-Oct-16,13249.82,13305.12,13213.22,13290.03
06-Oct-16,13321.32,13381.31,13159.9,13225.58
07-Oct-16,13245.81,13285.61,13173.61,13222.4
10-Oct-16,13244.39,13311.27,13244.32,13255.93
13-Oct-16,13257.72,13261.38,12944.12,13068.37
14-Oct-16,13092.74,13188.04,13087.44,13176.76
17-Oct-16,13207.6,13262.28,13090.32,13107.91
18-Oct-16,13138.93,13289.69,13138.88,13278.83
19-Oct-16,13314.56,13384.04,13311.7,13351.89
20-Oct-16,13380.41,13465.97,13380.39,13418.93
21-Oct-16,13443.76,13448.81,13397.96,13432.21
24-Oct-16,13461.92,13535.86,13461.89,13501.46
25-Oct-16,13512.91,13539.32,13452.62,13518.83
26-Oct-16,13528.96,13574.12,13409.61,13428.98
27-Oct-16,13437.35,13437.68,13282.48,13325.57
28-Oct-16,13347.32,13468.13,13342.91,13454.03
30-Oct-16,13529.88,13594.67,13528.98,13583.14
01-Nov-16,13595.27,13619.3,13543.28,13556.89
02-Nov-16,13501.28,13502.07,13297.55,13307.38
03-Nov-16,13317.82,13414.88,13148.01,13167.23
04-Nov-16,13182.83,13209.18,12790.19,12877.48
07-Nov-16,12954.48,13104.24,12954.48,13030.48
08-Nov-16,13069.58,13123.77,12992.16,13051.76
09-Nov-16,12459.08,12729.38,11815.71,12704.1
10-Nov-16,12824.4,13063.59,12823.8,12926.78
11-Nov-16,12893.37,12893.59,12469.8,12485.07
15-Nov-16,12515.67,12516.57,11836.1,11902.01
16-Nov-16,11982.52,12120.24,11822.69,11908.11
17-Nov-16,11929.8,11981.37,11803.86,11839.79
18-Nov-16,11854.48,11895.24,11754.73,11868.94
21-Nov-16,11899.69,11911.92,11487.39,11493.81
22-Nov-16,11525.69,11657.49,11462.87,11626.8
23-Nov-16,11667.3,11816.18,11637.26,11805.55
24-Nov-16,11803.17,11838.33,11736.35,11792.28
25-Nov-16,11822.92,12038.8,11822.72,12027.7
28-Nov-16,12036.51,12155.93,12010.57,12106.77
29-Nov-16,12130.49,12264.92,12128.16,12173.66
30-Nov-16,12202.03,12334.18,12202.03,12329.65
01-Dec-16,12367.77,12406.31,12243.9,12250.42
02-Dec-16,12239.13,12239.13,12079.99,12083.2
05-Dec-16,12090.39,12125.35,12062.79,12114.72
06-Dec-16,12144.39,12216.5,12144.25,12164.11
07-Dec-16,12188.68,12224.25,12085.27,12101.77
08-Dec-16,12147,12262.66,12140.76,12256.25
09-Dec-16,12283.74,12348.41,12283.27,12320.08
12-Dec-16,12336.66,12337.74,12211.04,12230.63
13-Dec-16,12253.79,12255.29,12197.2,12222.52
14-Dec-16,12231.99,12263.07,12111.22,12118.38
15-Dec-16,12094.43,12227.91,12050.27,12143.41
16-Dec-16,12159.49,12192.64,12103.74,12113.52
19-Dec-16,12121.19,12127.15,12050.66,12057.69
20-Dec-16,12068.67,12103.72,11940.18,11947.14
21-Dec-16,11971.13,12003.31,11945.18,11950.88
22-Dec-16,11951.73,11953.73,11788.25,11801.82
23-Dec-16,11805.91,11854.77,11751.29,11796.94
26-Dec-16,11802.73,11803.82,11541.11,11548.74
27-Dec-16,11554.28,11728.62,11516.23,11720.83
28-Dec-16,11751.03,11906.33,11750.95,11823.11
29-Dec-16,11843.36,11959.28,11834.41,11954.52
30-Dec-16,11971.44,12088.52,11971.44,12046.13
02-Jan-17,12082.1,12202.73,12078.39,12190.15
03-Jan-17,12217.81,12330.54,12213.56,12315.16
04-Jan-17,12343.06,12416.07,12343.06,12372.7
05-Jan-17,12410.76,12500.19,12410.68,12493.47
06-Jan-17,12514.33,12562.67,12423.5,12440.33
09-Jan-17,12456.46,12514.1,12450.17,12495.71
10-Jan-17,12519.91,12588.47,12519.91,12583.35
11-Jan-17,12611.15,12722.5,12610.9,12706.75
12-Jan-17,12737.6,12760,12673.45,12686.59
13-Jan-17,12711.21,12732.61,12632.6,12689.85
16-Jan-17,12706.09,12770.87,12679.64,12762.09
17-Jan-17,12787.27,12855.26,12785.21,12804.76
18-Jan-17,12825.74,12914.18,12824.63,12883.38
19-Jan-17,12897.37,12943.68,12890.38,12925.58
20-Jan-17,12925.01,12939.09,12751.71,12761.01
23-Jan-17,12767.77,12851.99,12765.01,12821.07
24-Jan-17,12843.16,12944.54,12841.46,12930.37
25-Jan-17,12961.47,13048.96,12961.3,13042.86
27-Jan-17,13067.36,13170.17,13066.96,13112.12
30-Jan-17,13118.8,13152,13059.52,13069.85
31-Jan-17,13090.53,13093.45,12923.64,12935.66
01-Feb-17,12952.47,13155.83,12933.37,13153.14
02-Feb-17,13168.28,13292.31,13146.75,13278.62
03-Feb-17,13310.99,13430.01,13310.87,13422.1
06-Feb-17,13468.82,13578.68,13468.82,13539.72
07-Feb-17,13573.38,13604.55,13485.92,13528.05
08-Feb-17,13551.47,13582.22,13480.24,13557.6
09-Feb-17,13603.77,13664.98,13530.9,13582.89
10-Feb-17,13613.94,13655.95,13590.05,13601.31
13-Feb-17,13646.5,13659.12,13465.18,13523.65
14-Feb-17,13539.78,13543.81,13425.21,13438.83
15-Feb-17,13450.87,13451.43,13217.82,13234.82
16-Feb-17,13250.02,13419.17,13235.1,13413.95
17-Feb-17,13444.99,13500.81,13439.98,13467.64
20-Feb-17,13494.66,13597.13,13491.31,13589.63
21-Feb-17,13606.47,13667.84,13605.83,13651.91
22-Feb-17,13663.04,13695.35,13564.69,13573.03
23-Feb-17,13577.68,13629.94,13577.59,13587.78
27-Feb-17,13613.6,13656.11,13601.21,13609.88
28-Feb-17,13628.68,13703.94,13627.14,13690.81
01-Mar-17,13723.04,13792.19,13722.29,13752.82
02-Mar-17,13787.04,13833.59,13559.16,13574.48
03-Mar-17,13572.89,13631.6,13546.02,13620.17
06-Mar-17,13658.75,13713.42,13656.3,13670.73
07-Mar-17,13682.6,13707.19,13649.77,13675.18
08-Mar-17,13690.24,13723.18,13574.33,13632.9
09-Mar-17,13638.73,13688.77,13607.08,13620.79
10-Mar-17,13633.49,13700.44,13585.9,13604.96
14-Mar-17,13774.41,13828.32,13732.62,13767.48
15-Mar-17,13792.36,13873.66,13792.36,13858.52
16-Mar-17,13891.94,14013.16,13891.82,14006.4
17-Mar-17,14037.15,14075.43,13964,14012.63
20-Mar-17,14044.35,14071.88,14027.82,14054.99
21-Mar-17,14080.32,14099.48,13967.83,14027.93
22-Mar-17,14005.54,14005.54,13890.74,13901.92
23-Mar-17,13942.76,14046.58,13942.76,14027.94
24-Mar-17,14045.15,14134.66,14044.86,14077.61
27-Mar-17,14103,14127.77,14048.81,14071.28
28-Mar-17,14121.42,14194.67,14121.41,14153.37
29-Mar-17,14192.4,14224.4,14180.1,14196.72
30-Mar-17,14234.26,14340.22,14233.56,14331.25
31-Mar-17,14368.51,14447.47,14365.27,14433.86
03-Apr-17,14466.98,14621.47,14466.74,14620.23
05-Apr-17,14650.23,14791.29,14650.15,14784.68
06-Apr-17,14803.82,14821.32,14718.68,14750.97
07-Apr-17,14745.13,14848.14,14658.51,14681.42
10-Apr-17,14722.97,14809.42,14722.84,14776.03
11-Apr-17,14808.2,14930.76,14806.53,14924.87
12-Apr-17,14948.65,14986.64,14709.27,14852.27
13-Apr-17,14879.82,14957.37,14870.59,14881.16
17-Apr-17,14904.99,14962.83,14847.97,14954.16
18-Apr-17,15017.92,15130.5,14833.73,14844.11
19-Apr-17,14863.44,14968.55,14828.04,14957.3
20-Apr-17,15020.99,15132.94,15019.68,15128.08
21-Apr-17,15171.56,15276.31,15119.51,15166.31
24-Apr-17,15199.88,15315.19,15199.88,15291.26
25-Apr-17,15349.02,15431.44,15347.97,15379.89
26-Apr-17,15435.34,15486.4,15177.6,15282.66
